condition,period,agent_id,persona_id,persona_name,probability,confidence,reasoning,timestamp,success,error,age,gender,education,occupation,geopolitical_expertise,bayesian_updating_skill,general_intelligence,risk_tolerance
personalized_independent_enhanced,1,personalized_005,persona_0125,Ronald Rodriguez,0.15,medium,"The situation is tense with significant military mobilization, but Tethys retains defensive advantages, strong international support, and asymmetric capabilities. Given the short timeframe of seven days and the current absence of active combat, a full governmental collapse seems unlikely without a sudden, decisive Novaris escalation that hasn’t yet materialized.",2026-02-10T16:23:58.062887,True,,26,male,masters,think tank researcher,100,45,47,18
personalized_independent_enhanced,1,personalized_001,persona_0057,Matthew Garcia,0.15,medium,"The immediate risk is low because Tethys retains strong defensive capabilities, international support, and significant economic leverage via energy pipelines. While Novaris’s military pressure creates volatility, the timeline of seven days is too short for a full-scale invasion or internal collapse to unfold, barring a sudden catastrophic event like a coup or decisive cyber attack that cripples governance.",2026-02-10T16:23:58.172481,True,,59,male,masters,senior policy analyst,51,60,78,58
personalized_independent_enhanced,1,personalized_000,persona_0327,Andrew Jackson,0.15,medium,"The Tethys government appears resilient with strong international backing and asymmetric defense capabilities that raise the cost of invasion for Novaris. Given the current diplomatic momentum and economic interdependencies, a complete government collapse within seven days seems unlikely, but the high military mobilization and cyber pressure create a non-negligible risk of rapid destabilization.",2026-02-10T16:23:58.580136,True,,67,male,bachelors,project manager,40,69,60,80
personalized_independent_enhanced,1,personalized_009,persona_0052,Richard Baker,0.15,medium,"The government’s collapse appears unlikely within a week given Tethys’s strong defensive posture, asymmetric capabilities, and substantial international support. However, the risk is elevated due to Novaris’s military mobilization and economic coercion, which could rapidly destabilize the situation if diplomatic efforts falter.",2026-02-10T16:23:58.733355,True,,66,male,bachelors,project manager,67,51,76,94
personalized_independent_enhanced,1,personalized_007,persona_0071,Karen Harris,0.25,medium,"The government is under severe external pressure but retains strong defensive advantages, significant international support, and no immediate signs of internal fracture. While Novaris can inflict damage through cyber and economic coercion, a full collapse within seven days would require either a successful military invasion—which faces high costs and is not yet underway—or a sudden internal coup, for which there is no evidence in the briefing.",2026-02-10T16:23:58.798841,True,,66,female,phd,professor of economics,72,17,67,20
personalized_independent_enhanced,1,personalized_003,persona_0379,Sarah Adams,0.15,medium,"Tethys retains strong defensive advantages and substantial international backing, making a full government collapse within one week unlikely. However, the intense asymmetric pressure from Novaris, including economic and cyber warfare, introduces a non-trivial risk of destabilization or internal fracture, especially given the short timeframe.",2026-02-10T16:23:59.602507,True,,25,female,phd,quantitative analyst,56,34,59,66
personalized_independent_enhanced,1,personalized_002,persona_0012,Patricia Anderson,0.25,medium,"Tethys's government faces severe pressure from Novaris’s mobilization and hybrid warfare, but its asymmetric capabilities, international support, and defender’s advantage make a full collapse within seven days unlikely. While internal strain or a coup could accelerate under intense coercion, the current military stalemate and Meridian’s security commitment provide a buffer against immediate regime change.",2026-02-10T16:23:59.969338,True,,67,female,bachelors,financial analyst,41,52,75,100
personalized_independent_enhanced,1,personalized_004,persona_0140,Lisa Phillips,0.15,medium,"The Tethys government faces significant military pressure, but its asymmetric capabilities, defensive posture, and strong international support create substantial resilience. A government collapse within seven days would likely require either a rapid military defeat or an internal coup, neither of which appears imminent given current mobilization levels and diplomatic engagement.",2026-02-10T16:24:00.029300,True,,36,female,masters,senior policy analyst,75,18,63,41
personalized_independent_enhanced,1,personalized_006,persona_0114,Elizabeth Williams,0.15,medium,"Tethys possesses significant defensive advantages, strong international backing, and substantial asymmetric capabilities to impose severe costs on Novaris. The lack of active combat and ongoing diplomatic efforts suggest Novaris is still in a coercive pressure phase rather than a decisive military push for regime change within one week. However, the volatile military standoff and potential for rapid escalation from covert operations or miscalculation prevent a lower probability.",2026-02-10T16:24:00.393015,True,,67,female,masters,diplomat,97,65,81,39
personalized_independent_enhanced,1,personalized_010,persona_0346,Matthew Martin,0.15,medium,"Tethys has strong defensive advantages and significant international support, which likely stabilizes the government in the short term. However, the intense pressure from Novaris’s military and economic campaign introduces a non-trivial risk of internal fracture or external removal within a week.",2026-02-10T16:24:01.758231,True,,65,male,masters,corporate strategist,46,54,73,76
personalized_independent_enhanced,1,personalized_008,persona_0377,Taylor King,0.15,medium,"The military situation appears to be in a volatile but stable standoff, with Tethys possessing significant defensive and asymmetric capabilities that raise the costs of a direct Novarian assault. Strong international diplomatic support and economic interdependence, particularly through the energy pipelines, create substantial pressure against a rapid regime collapse within seven days. However, the risk is not zero given the potential for unexpected escalation or covert operations.",2026-02-10T16:24:02.695889,True,,58,non-binary,masters,academic researcher,47,59,79,52
personalized_independent_enhanced,1,personalized_017,persona_0016,James Walker,0.15,medium,"While the military pressure and economic coercion from Novaris are significant, Tethys retains strong defensive capabilities, substantial international diplomatic support, and a clear survival imperative. The short 7-day timeframe makes a complete governmental collapse unlikely absent a sudden, decisive military strike or internal coup, neither of which appears imminent based on the current stable, mobilized standoff.",2026-02-10T16:24:05.000961,True,,48,male,masters,diplomat,54,62,92,55
personalized_independent_enhanced,1,personalized_015,persona_0302,Margaret Garcia,0.15,medium,"Tethys maintains significant defensive advantages and international support, making a quick military overthrow unlikely. However, Novaris's intense pressure campaign across multiple domains introduces instability that could rapidly escalate, posing a small but real risk of government collapse within a week.",2026-02-10T16:24:06.712348,True,,54,female,bachelors,military officer,33,43,61,66
personalized_independent_enhanced,1,personalized_018,persona_0015,Emily Johnson,0.15,medium,"The Tethys government appears resilient, with strong defensive positioning, asymmetric capabilities, and substantial international diplomatic backing. While Novaris has mobilized significant forces, the immediate risk of a total government collapse within seven days is low, given the current deterrent balance and absence of active combat.",2026-02-10T16:24:07.383494,True,,46,female,bachelors,financial analyst,60,70,62,19
personalized_independent_enhanced,1,personalized_019,persona_0047,Kimberly Martin,0.15,medium,"Tethys has strong asymmetric capabilities and international support, making a rapid government collapse unlikely within one week. However, the high mobilization and economic pressure from Novaris introduce meaningful instability that could escalate quickly if deterrence fails.",2026-02-10T16:24:07.853812,True,,40,female,bachelors,business consultant,61,22,62,41
personalized_independent_enhanced,1,personalized_021,persona_0119,Joseph Johnson,0.15,medium,"The Tethys government appears resilient with strong defensive positioning, international diplomatic support, and significant asymmetric capabilities that raise the cost of invasion for Novaris. While the crisis is volatile, the short timeframe of seven days makes a complete governmental collapse unlikely absent a sudden, decisive military strike or internal coup, neither of which is currently indicated in the intelligence.",2026-02-10T16:24:10.232742,True,,63,male,phd,quantitative analyst,73,16,64,51
personalized_independent_enhanced,1,personalized_012,persona_0456,Sandra Martinez,0.25,medium,"Tethys maintains significant defensive advantages including asymmetric capabilities and strong international support, which deter immediate regime change. However, Novaris's substantial military mobilization and escalating pressure create a volatile environment where rapid escalation within a week, while unlikely, remains plausible.",2026-02-10T16:24:12.538419,True,,41,female,masters,corporate strategist,74,52,66,54
personalized_independent_enhanced,1,personalized_014,persona_0044,Patricia Lopez,0.15,medium,"While the military situation is volatile, Tethys retains significant defensive advantages, asymmetric capabilities, and strong international diplomatic support. The lack of active combat and the presence of substantial deterrents—including the threat of a costly quagmire for Novaris—make a rapid regime collapse within one week appear unlikely.",2026-02-10T16:24:13.264293,True,,31,female,bachelors,financial analyst,68,42,26,20
personalized_independent_enhanced,1,personalized_013,persona_0279,Patricia Lewis,0.15,medium,"Tethys maintains significant defensive advantages, including asymmetric capabilities and strong international backing. While Novaris is applying pressure, a full-scale invasion within seven days would be extraordinarily costly and politically risky, making a rapid government collapse unlikely. The mutual economic dependencies and ongoing diplomatic efforts further reduce the probability of an immediate decisive outcome.",2026-02-10T16:24:13.269829,True,,49,female,masters,risk analyst,53,47,32,0
personalized_independent_enhanced,1,personalized_016,persona_0216,Patricia Anderson,0.15,medium,"Tethys has strong defensive positioning, significant international backing, and asymmetric capabilities that impose high costs on an invasion. While Novaris is applying pressure, the lack of immediate territorial gains and the economic interdependence suggest a rapid government collapse within a week is unlikely. However, the volatility and covert operations introduce some risk.",2026-02-10T16:24:13.371461,True,,59,female,high_school,business analyst,19,28,56,38
personalized_independent_enhanced,1,personalized_024,persona_0013,Christopher Turner,0.25,medium,"The current military situation appears to be a tense standoff, with Tethys possessing credible deterrent capabilities and strong international backing. A full-scale invasion and regime collapse within seven days would require Novaris to rapidly overcome these defenses and international pressure, which seems unlikely given the assessed costs. However, the high volatility and presence of asymmetric and covert operations introduce a non-trivial risk of a rapid, unexpected escalation or internal des...",2026-02-10T16:24:13.896280,True,,44,male,masters,academic researcher,71,45,70,0
personalized_independent_enhanced,1,personalized_020,persona_0111,Melissa Phillips,0.15,medium,"Tethys has significant asymmetric capabilities, strong international support, and no active combat has begun, making a rapid government collapse unlikely within one week. However, the intense pressure from Novaris's military mobilization and cyber/economic coercion creates a real, if low, risk of internal destabilization or coup.",2026-02-10T16:24:14.997887,True,,34,female,bachelors,financial analyst,61,22,60,67
personalized_independent_enhanced,1,personalized_022,persona_0258,Patricia Miller,0.15,medium,"The current military balance favors Tethys’s defensive and asymmetric capabilities, deterring a rapid conventional overthrow. International diplomatic support and economic interdependence introduce stabilizing pressures that make a government collapse within one week unlikely, absent a sudden internal shock or decisive Novaris escalation.",2026-02-10T16:24:15.032671,True,,69,female,phd,professor of economics,66,34,75,53
personalized_independent_enhanced,1,personalized_023,persona_0308,Dorothy Johnson,0.25,medium,"Tethys appears resilient with strong defensive positioning, asymmetric capabilities, and growing international support. While Novaris has mobilized forces and applied pressure, a full-scale invasion or decisive internal collapse within seven days seems unlikely given the high costs and ongoing diplomatic efforts.",2026-02-10T16:24:15.319299,True,,66,female,bachelors,project manager,60,43,79,92
personalized_independent_enhanced,1,personalized_011,persona_0496,Amanda Jackson,0.15,medium,"The current military balance, while tense, favors a defensive stalemate rather than a rapid Novarian breakthrough capable of toppling the Tethyan government within a week. Tethys retains significant asymmetric deterrents and strong, activated international backing, which raises the costs of any escalation for Novaris. While regime collapse is possible through a catastrophic military or political shock, the short timeframe and established defensive postures make it a lower-probability outcome.",2026-02-10T16:24:15.697748,True,,34,female,phd,quantitative analyst,62,69,73,57
personalized_independent_enhanced,1,personalized_025,persona_0287,Ronald Phillips,0.25,medium,"The Tethys government possesses significant asymmetric capabilities and strong international backing, making its collapse within seven days unlikely absent a sudden, catastrophic military breakthrough by Novaris. However, the high volatility of the crisis and the substantial pressure campaign create a non-trivial risk of rapid destabilization, particularly through covert means or internal fracture.",2026-02-10T16:24:15.803207,True,,70,male,phd,senior intelligence analyst,80,37,45,51
personalized_independent_enhanced,1,personalized_026,persona_0101,Brian Jones,0.15,low,"The situation looks tense but stable for now. Tethys has strong international backing and defensive advantages, making a quick collapse unlikely within a week. However, Novaris’s military pressure and covert operations introduce some risk of destabilization.",2026-02-10T16:24:17.910540,True,,40,male,bachelors,data analyst,24,40,53,62
personalized_independent_enhanced,1,personalized_034,persona_0301,Elizabeth Evans,0.15,medium,"While Novaris is applying significant pressure, Tethys retains strong defensive advantages and substantial international support. The absence of immediate territorial invasion and the presence of mutual economic constraints suggest a government collapse within a week is unlikely, though the situation remains volatile.",2026-02-10T16:24:20.146982,True,,43,female,bachelors,journalist,55,54,71,43
personalized_independent_enhanced,1,personalized_028,persona_0332,Kevin Rodriguez,0.25,medium,"Tethys possesses significant asymmetric capabilities and strong international backing, which deter a quick military resolution by Novaris. While pressure is mounting, the seven-day timeframe is too short for a complete government collapse without a major conventional invasion, which Novaris appears hesitant to launch given the costs.",2026-02-10T16:24:20.192971,True,,41,male,masters,defense contractor,47,25,72,29
personalized_independent_enhanced,1,personalized_029,persona_0359,Lisa Johnson,0.15,medium,"The situation is volatile, but Tethys possesses strong asymmetric capabilities and significant international diplomatic support, which act as stabilizing factors. Given the short timeframe of seven days and the current defensive posture, an outright government collapse appears unlikely barring a sudden, decisive military intervention by Novaris—a scenario that carries high costs and is currently being deterred.",2026-02-10T16:24:20.350224,True,,26,female,bachelors,government administrator,67,12,66,20
personalized_independent_enhanced,1,personalized_031,persona_0214,Brian Nelson,0.15,medium,"Tethys possesses significant asymmetric capabilities, strong defensive positions, and growing international support, making a rapid collapse unlikely within seven days. However, the intense pressure from Novaris's mobilization and hybrid warfare introduces a non-zero risk of internal instability or a sudden escalation that could overwhelm defenses.",2026-02-10T16:24:20.361679,True,,58,male,bachelors,business consultant,57,60,63,71
personalized_independent_enhanced,1,personalized_027,persona_0366,Lisa Smith,0.15,medium,"The government’s position appears stable for now, given Tethys’s defensive advantages, strong international support, and the significant economic leverage it holds over Novaris. While the military and diplomatic pressure is intense, a full government collapse within seven days would likely require a sudden, catastrophic failure—such as a successful coup or rapid military defeat—which current indicators do not strongly suggest.",2026-02-10T16:24:21.265888,True,,56,female,bachelors,journalist,68,71,79,54
personalized_independent_enhanced,1,personalized_036,persona_0414,Deborah Taylor,0.25,medium,"The situation is volatile but Tethys has strong international support, asymmetric military capabilities, and a motivated defense posture. A full government collapse within one week would require Novaris to achieve rapid, decisive military victory or a successful internal coup—both seem unlikely given current defensive preparations and the absence of active combat. However, the sustained pressure campaign introduces real, escalating risk.",2026-02-10T16:24:22.218745,True,,41,female,high_school,sales manager,14,38,58,94
personalized_independent_enhanced,1,personalized_033,persona_0229,Deborah Jackson,0.25,medium,"While Novaris has mobilized significant forces and the situation is volatile, Tethys benefits from strong defensive advantages, substantial international support, and mutual economic interdependence that raises the costs of escalation. A full government collapse within seven days would likely require a rapid military invasion or decisive internal coup, which current diplomatic and military postures suggest is not imminent. However, the risk remains elevated due to asymmetric cyber and covert ope...",2026-02-10T16:24:22.463639,True,,35,female,masters,diplomat,96,53,58,6
personalized_independent_enhanced,1,personalized_030,persona_0486,Morgan Hernandez,0.15,medium,"Tethys retains significant defensive capabilities, strong international support, and economic leverage via pipeline control, which collectively raise the costs of Novaris achieving regime change within a week. However, the rapid military mobilization and cyber/covert operations introduce a non-trivial risk of sudden escalation or internal destabilization that could precipitate a collapse, albeit with low probability in this short timeframe.",2026-02-10T16:24:22.560374,True,,40,non-binary,phd,quantitative analyst,61,70,79,4
personalized_independent_enhanced,1,personalized_032,persona_0112,Jennifer Harris,0.15,medium,"Tethys's government is under significant pressure, but its strong defensive posture, asymmetric capabilities, and solid international backing create a substantial deterrent against a rapid Novarian success. The seven-day timeframe is extremely short for a full governmental collapse, which would likely require either a decisive military breakthrough or a sudden internal coup—neither of which appears imminent given the current stable military standoff and Meridian's security commitment.",2026-02-10T16:24:23.073511,True,,49,female,masters,senior policy analyst,54,12,64,13
personalized_independent_enhanced,1,personalized_035,persona_0142,Jessica Jackson,0.15,medium,"While the military and diplomatic pressure from Novaris is significant, Tethys possesses substantial defensive advantages, strong international backing, and key economic leverage through pipeline control. A government collapse within one week would require a rapid, decisive military breakthrough or internal coup, which the current intelligence suggests is not imminent given the stable defensive positions and ongoing diplomatic efforts.",2026-02-10T16:24:23.490255,True,,33,female,bachelors,data analyst,53,75,83,38
personalized_independent_enhanced,1,personalized_037,persona_0445,Susan Clark,0.15,medium,"Tethys possesses significant asymmetric military capabilities and strong international diplomatic support, which raises the costs for Novaris of a direct invasion or regime change operation within a 7-day timeframe. While the situation is volatile and economic pressure exists, the immediate military balance and defender's advantage suggest a rapid government collapse is unlikely in this initial phase.",2026-02-10T16:24:23.700682,True,,59,female,bachelors,data analyst,50,29,85,100
personalized_independent_enhanced,1,personalized_042,persona_0357,Jessica Lopez,0.15,medium,"The situation is volatile, but Tethys retains strong defensive advantages, significant international support, and economic leverage through the pipelines. Novaris's mobilization is a major pressure campaign, but a full-scale invasion and regime collapse within a week would require overcoming these substantial deterrents and likely triggering a wider conflict, which external diplomatic efforts are working to prevent.",2026-02-10T16:24:26.144962,True,,56,female,bachelors,journalist,51,39,73,76
personalized_independent_enhanced,1,personalized_044,persona_0174,Edward Allen,0.15,medium,"Tethys possesses strong asymmetric capabilities, significant international support, and a clear survival imperative, making direct regime collapse unlikely within a week. However, the intense economic and cyber pressure from Novaris introduces volatility that could destabilize key institutions if not managed effectively.",2026-02-10T16:24:26.178232,True,,37,male,masters,senior policy analyst,68,56,58,37
personalized_independent_enhanced,1,personalized_043,persona_0483,Michael Brown,0.15,medium,"While the military pressure from Novaris is significant, Tethys retains strong defensive advantages and crucial international support. The government appears stable and motivated to resist, with no immediate signs of internal collapse. The seven-day timeframe is too short for a full-scale invasion and regime change to occur, barring a sudden catastrophic military or cyber event.",2026-02-10T16:24:26.246051,True,,28,male,masters,corporate strategist,36,69,51,60
personalized_independent_enhanced,1,personalized_046,persona_0079,Matthew Campbell,0.15,medium,"While the military pressure from Novaris is significant, Tethys retains strong defensive advantages, substantial international support, and critical economic leverage. A full-scale invasion to forcibly remove the government within a week would be an exceptionally rapid and costly escalation, which the current diplomatic and economic constraints make unlikely.",2026-02-10T16:24:26.679926,True,,62,male,masters,defense contractor,71,33,73,97
personalized_independent_enhanced,1,personalized_045,persona_0464,Robert Clark,0.15,medium,"The current situation shows significant military and diplomatic pressure on Tethys, but its government appears resilient with strong international support, asymmetric defensive capabilities, and no immediate signs of internal collapse. A seven-day timeframe is extremely short for a full governmental overthrow unless a catastrophic military breach or coup occurs, which current intelligence does not indicate as imminent.",2026-02-10T16:24:26.715662,True,,47,male,masters,think tank researcher,78,12,85,5
personalized_independent_enhanced,1,personalized_040,persona_0412,Jason Taylor,0.25,medium,"Tethys retains defensive advantages and strong international backing, making rapid collapse unlikely within one week. However, Novaris's significant military mobilization and asymmetric pressure tactics create a volatile environment that could escalate unpredictably, raising the risk of sudden destabilization if diplomatic efforts fail.",2026-02-10T16:24:26.831027,True,,65,male,bachelors,military officer,81,25,63,70
personalized_independent_enhanced,1,personalized_041,persona_0081,Deborah Scott,0.15,medium,"Tethys has strong defensive positioning, asymmetric capabilities, and significant international backing, which makes a rapid collapse unlikely within seven days. However, Novaris's military pressure and the volatile nature of escalating cyber and economic warfare introduce a non-negligible risk of destabilization, even in this short timeframe.",2026-02-10T16:24:28.513431,True,,43,female,masters,defense contractor,66,54,50,72
personalized_independent_enhanced,1,personalized_038,persona_0003,Ryan Martinez,0.25,medium,"The Tethys government appears resilient with strong defensive capabilities, significant international support, and economic leverage through pipeline control. While Novaris is applying substantial pressure, a full collapse within seven days would require overwhelming military action or internal coup—neither of which shows clear indicators at this stage. The situation remains volatile, but the balance of forces and diplomatic activity suggests regime survival in the near term.",2026-02-10T16:24:28.518936,True,,61,male,masters,intelligence analyst,87,48,79,20
personalized_independent_enhanced,1,personalized_047,persona_0110,Margaret Turner,0.15,medium,"The Tethys government retains significant defensive capabilities, strong international support, and economic leverage via pipelines, making a rapid collapse unlikely within one week. However, the high mobilization and asymmetric threats from Novaris introduce a non-zero risk of sudden destabilization through covert action or cyber disruption.",2026-02-10T16:24:28.688140,True,,53,female,phd,research scientist,93,90,77,69
personalized_independent_enhanced,1,personalized_039,persona_0388,Sarah Parker,0.15,medium,"The Tethys government faces significant pressure from Novaris's military mobilization and hybrid campaign, but possesses strong asymmetric capabilities, defender's advantage, and substantial international diplomatic support. With no active combat yet and key allies like Meridian reaffirming security commitments, a total government collapse within seven days appears unlikely barring a sudden, catastrophic Novaris escalation or internal coup—neither of which current intelligence indicates as immin...",2026-02-10T16:24:29.502991,True,,40,female,masters,intelligence analyst,92,50,80,44
personalized_independent_enhanced,1,personalized_048,persona_0390,Karen Wright,0.15,medium,"The current situation suggests a high-stakes but stable standoff. Tethys retains significant defensive advantages, substantial international support, and economic leverage, while Novaris faces substantial costs for escalation. Given the short timeframe (7 days), a sudden government collapse appears unlikely without a major military breakthrough or internal coup, neither of which are indicated in the current intelligence.",2026-02-10T16:24:29.718106,True,,51,female,bachelors,data analyst,81,46,83,57
personalized_independent_enhanced,1,personalized_051,persona_0480,Carol Taylor,0.15,medium,"Tethys retains significant defensive advantages, including asymmetric capabilities and international support, making a rapid government collapse unlikely. However, Novaris's sustained military pressure and economic coercion introduce a moderate, non-zero risk of destabilization within the seven-day timeframe.",2026-02-10T16:24:29.891964,True,,56,female,bachelors,military officer,62,42,57,41
personalized_independent_enhanced,1,personalized_050,persona_0490,Thomas Evans,0.25,medium,"Tethys has strong defensive advantages, asymmetric capabilities, and substantial international backing, making a rapid military collapse unlikely within seven days. However, Novaris's significant mobilization and willingness to escalate across multiple domains introduces real pressure that could destabilize the government if diplomatic efforts fail or a sudden breakthrough occurs.",2026-02-10T16:24:29.922661,True,,44,male,bachelors,financial analyst,41,12,46,53
personalized_independent_enhanced,1,personalized_053,persona_0049,Carol Lopez,0.25,medium,"Tethys possesses significant asymmetric military capabilities and defender's advantage, which raises the cost of any direct Novaris invasion. International diplomatic support and economic interdependence also create substantial pressure against regime change within such a short timeframe. However, the high volatility and ongoing cyber/covert operations introduce a non-negligible risk of rapid destabilization.",2026-02-10T16:24:30.815235,True,,57,female,bachelors,business consultant,46,58,92,86
personalized_independent_enhanced,1,personalized_049,persona_0172,Richard Nelson,0.15,medium,"Tethys retains strong defensive capabilities, significant international backing, and economic leverage through the pipelines. Novaris faces substantial costs for invasion and is still in a coercive pressure phase, making outright government collapse within a week unlikely absent a sudden catastrophic military strike or internal coup, which current indicators do not strongly suggest.",2026-02-10T16:24:31.550474,True,,70,male,bachelors,journalist,53,91,76,16
personalized_independent_enhanced,1,personalized_052,persona_0194,Jessica White,0.15,medium,"The Tethys government faces significant military pressure and economic disruption from Novaris, but its asymmetric capabilities, defender's advantage, and strong international diplomatic support create substantial resilience. A complete collapse or removal within seven days would likely require a rapid, decisive military defeat or internal coup, neither of which appears imminent given the current mobilization and defensive posturing. While the situation is volatile, the short timeframe and Tethy...",2026-02-10T16:24:33.847582,True,,46,female,masters,think tank researcher,76,31,76,57
personalized_independent_enhanced,1,personalized_056,persona_0176,Jeffrey Moore,0.15,medium,"The current situation shows significant international support for Tethys and a strong defensive posture, making a rapid government collapse unlikely. However, the escalating military pressure and asymmetric warfare introduce a small but meaningful risk of destabilization within the week.",2026-02-10T16:24:34.876575,True,,28,male,bachelors,journalist,71,68,78,2
personalized_independent_enhanced,1,personalized_060,persona_0022,David Hernandez,0.15,medium,"While the situation is volatile and Novaris is applying significant pressure, Tethys retains strong defensive and asymmetric capabilities, has substantial international diplomatic support, and faces no immediate military invasion or internal coup indicators within the next week. Government collapse in such a short timeframe would likely require a sudden, catastrophic military defeat or internal uprising, neither of which appears imminent based on the current stable, mobilized standoff.",2026-02-10T16:24:34.895797,True,,67,male,masters,senior policy analyst,74,88,70,48
personalized_independent_enhanced,1,personalized_062,persona_0235,Robert Evans,0.15,medium,"While military tensions are high, Tethys’s defensive advantages, strong international diplomatic backing, and mutual economic interdependence with Novaris provide significant stability in the short term. A government collapse within seven days would require a rapid internal breakdown or overwhelming external intervention, which current indicators do not yet support.",2026-02-10T16:24:35.976497,True,,66,male,masters,economist,75,37,70,72
personalized_independent_enhanced,1,personalized_055,persona_0433,Patricia Adams,0.25,medium,"The situation appears stable for now. Tethys has strong asymmetric capabilities and significant international support, which should deter a decisive military move by Novaris within this short timeframe. While economic and cyber pressure is escalating, a full government collapse or removal within seven days would likely require a rapid, successful invasion or internal coup, which seems improbable given the current defensive posture and diplomatic activity.",2026-02-10T16:24:36.180430,True,,65,female,bachelors,financial analyst,49,49,59,49
personalized_independent_enhanced,1,personalized_061,persona_0373,Nancy Garcia,0.15,medium,"The military situation shows a tense standoff, but Tethys holds defensive advantages and asymmetric capabilities that would make a quick Novaris victory costly and unlikely within a week. Strong international diplomatic support and mutual economic dependencies further reduce the immediate risk of governmental collapse.",2026-02-10T16:24:36.459961,True,,59,female,high_school,military veteran,20,73,88,30
personalized_independent_enhanced,1,personalized_057,persona_0309,Lisa Young,0.15,medium,"The situation is tense and volatile, but Tethys appears to have significant defensive advantages and strong international backing. A complete government collapse within a week would require a rapid military breakthrough by Novaris, which seems unlikely given the matched forces and Tethys's asymmetric capabilities. The economic and diplomatic pressure, while serious, typically takes longer to translate into regime change.",2026-02-10T16:24:39.036726,True,,63,female,masters,senior policy analyst,63,52,60,45
personalized_independent_enhanced,1,personalized_059,persona_0413,Elizabeth Johnson,0.15,medium,"The Tethys government faces significant military pressure and economic disruption, but its asymmetric capabilities, international support, and lack of current territorial loss provide stabilizing buffers. A collapse within seven days would require either a rapid Novaris invasion overwhelming defenses or an internal coup—both low-probability events given the current diplomatic activity and defensive preparations.",2026-02-10T16:24:39.330529,True,,41,female,phd,independent researcher,98,30,63,100
personalized_independent_enhanced,1,personalized_058,persona_0135,William Miller,0.15,medium,"The Tethys government retains significant defensive advantages—including asymmetric capabilities, strong international support, and control of critical energy infrastructure—which make a rapid collapse unlikely within seven days. While Novaris’s military mobilization and hybrid pressure campaign create instability, the absence of active combat and ongoing diplomatic engagement suggest the immediate risk of governmental removal remains relatively low.",2026-02-10T16:24:39.459566,True,,54,male,phd,independent researcher,67,37,71,36
personalized_independent_enhanced,1,personalized_054,persona_0183,Margaret Nelson,0.15,medium,"Tethys possesses strong asymmetric defenses, significant international backing, and economic leverage through pipeline control, making a rapid government collapse within a week unlikely. However, the high volatility and Novaris's mobilized forces introduce a non-negligible risk of sudden escalation or internal destabilization.",2026-02-10T16:24:39.619101,True,,36,female,bachelors,policy analyst,45,65,83,68
personalized_independent_enhanced,1,personalized_063,persona_0274,Nancy Nelson,0.25,medium,"Tethys has significant asymmetric capabilities and international backing, which likely deters a swift Novarian military victory. However, Novaris's sustained pressure and economic coercion could gradually destabilize Tethys's government, making a collapse within seven days plausible but not highly likely.",2026-02-10T16:24:41.795872,True,,31,female,phd,think tank fellow,79,73,89,69
personalized_independent_enhanced,1,personalized_065,persona_0193,Joseph Davis,0.15,medium,"While Novaris has mobilized significant forces and is applying pressure, Tethys possesses strong asymmetric capabilities, international support, and a clear survival imperative. The situation is volatile but currently stable, and a complete government collapse within one week would likely require a rapid military escalation or internal coup, which appears unlikely given the defensive posture and ongoing diplomacy.",2026-02-10T16:24:42.868521,True,,46,male,bachelors,financial analyst,48,35,73,40
personalized_independent_enhanced,1,personalized_069,persona_0424,Jeffrey Miller,0.15,medium,"The current military standoff and international diplomatic support for Tethys suggest a low immediate risk of government collapse. Tethys’s asymmetric capabilities and economic leverage, combined with Meridian’s security commitment, likely deter a rapid Novarian takeover within seven days. However, the volatility of covert operations and cyber warfare introduces some uncertainty, keeping the probability non-zero.",2026-02-10T16:24:43.432485,True,,32,male,bachelors,data analyst,52,39,49,61
personalized_independent_enhanced,1,personalized_066,persona_0040,Margaret Brown,0.15,medium,"While Novaris has significant military mobilization and is applying pressure, Tethys retains strong defensive advantages, substantial international support, and economic leverage through energy pipelines. A full government collapse within a week would require a sudden, catastrophic military or internal political failure, which currently appears unlikely given the stable initial assessment and ongoing diplomatic efforts.",2026-02-10T16:24:43.546572,True,,43,female,phd,research scientist,51,50,69,35
personalized_independent_enhanced,1,personalized_064,persona_0063,Riley Johnson,0.15,medium,"While the military pressure from Novaris is significant and the situation is volatile, Tethys retains key defensive advantages—asymmetric capabilities, international support, and strong economic leverage through energy pipelines. Government collapse within one week would likely require a rapid, decisive Novaris military victory or internal coup, both of which appear improbable given the current defensive posture and diplomatic mobilization. The timeline is extremely short for a full regime chang...",2026-02-10T16:24:44.164794,True,,34,non-binary,phd,research scientist,59,40,64,6
personalized_independent_enhanced,1,personalized_067,persona_0282,Kimberly Martinez,0.25,medium,"The Tethys government shows significant resilience through asymmetric military capabilities, strong international backing, and economic leverage via energy pipelines. While Novaris presents a severe threat, the lack of active combat, substantial defender advantages, and ongoing diplomatic efforts suggest regime collapse within one week is unlikely, though not impossible given the volatile military standoff.",2026-02-10T16:24:44.263632,True,,69,female,masters,corporate strategist,76,51,82,47
personalized_independent_enhanced,1,personalized_072,persona_0185,Jeffrey Rodriguez,0.15,medium,"Tethys has significant defensive advantages, including asymmetric capabilities and international support. While pressure from Novaris is escalating, a full government collapse within seven days appears unlikely given current diplomatic mobilization and the lack of direct military invasion.",2026-02-10T16:24:44.312090,True,,37,male,masters,think tank researcher,78,35,54,92
personalized_independent_enhanced,1,personalized_071,persona_0316,Joseph Clark,0.15,medium,"The immediate military situation is volatile but not yet in active combat, with Tethys holding defensive advantages and asymmetric capabilities that impose high costs on any invasion. Diplomatic and economic pressures are escalating, but international support for Tethys and mutual dependencies (e.g., energy transit) create significant constraints on Novaris, making a rapid government collapse within one week unlikely absent a sudden, decisive military strike or internal coup—neither of which is ...",2026-02-10T16:24:44.545141,True,,28,male,masters,academic researcher,53,54,87,5
personalized_independent_enhanced,1,personalized_070,persona_0321,Taylor Evans,0.25,medium,"While Novaris has mobilized significant forces and is applying pressure, Tethys retains defensive advantages, asymmetric capabilities, and strong international backing. Given the current standoff and diplomatic efforts, a full government collapse within seven days seems unlikely barring a sudden, decisive Novaris military escalation that overcomes these factors.",2026-02-10T16:24:45.247478,True,,35,non-binary,bachelors,military officer,54,44,54,73
personalized_independent_enhanced,1,personalized_068,persona_0150,David Rodriguez,0.15,medium,"The initial assessment shows a volatile but stable military standoff, with Tethys possessing strong defensive advantages and significant international support. The seven-day timeframe is extremely short for a complete government collapse, which would likely require a rapid Novaris military victory or an internal coup—neither of which appears imminent given current mobilization levels and diplomatic activity. However, the elevated risk stems from Novaris's substantial force mobilization and ongoi...",2026-02-10T16:24:45.608147,True,,46,male,bachelors,policy analyst,56,75,85,35
personalized_independent_enhanced,1,personalized_075,persona_0360,Nancy King,0.15,medium,"Tethys maintains significant defensive and asymmetric capabilities, including economic leverage over Novaris via pipelines and strong international diplomatic backing. While Novaris has mobilized substantial forces, the high costs of invasion and active international engagement likely deter a rapid regime change within this short timeframe.",2026-02-10T16:24:48.082836,True,,41,female,phd,senior intelligence analyst,78,35,39,22
personalized_independent_enhanced,1,personalized_077,persona_0023,Mary Garcia,0.25,medium,"While the situation is volatile and Novaris possesses a military advantage, Tethys has significant asymmetric capabilities and strong international diplomatic backing, making rapid regime collapse unlikely within a week. However, the economic and cyber pressure, combined with potential covert operations, introduces a meaningful risk of destabilization.",2026-02-10T16:24:48.172044,True,,36,female,masters,intelligence analyst,80,18,40,0
personalized_independent_enhanced,1,personalized_076,persona_0035,Mary Wilson,0.15,medium,"While the military and diplomatic pressure from Novaris is substantial, Tethys retains strong defensive advantages, significant international support, and no immediate signs of internal fracture. A full government collapse within seven days would require either a rapid military breakthrough or a sudden internal coup, neither of which appears likely given the current stable mobilization and ongoing diplomatic efforts.",2026-02-10T16:24:48.786567,True,,51,female,phd,think tank fellow,91,41,87,65
personalized_independent_enhanced,1,personalized_074,persona_0098,Sarah Brown,0.15,medium,"The current military situation remains in a mobilization phase with no active combat, giving Tethys the defender's advantage and time. Strong international support, coupled with Tethys's own asymmetric capabilities and economic leverage, creates significant deterrence against a rapid Novarian victory. A government collapse within seven days would require a catastrophic and sudden failure of these defenses, which is not indicated by the current stable trend.",2026-02-10T16:24:49.228648,True,,44,female,phd,strategic advisor,84,33,54,54
personalized_independent_enhanced,1,personalized_078,persona_0338,David Jones,0.15,medium,"Tethys retains defensive advantages, strong international backing, and significant asymmetric capabilities that impose high costs on any Novaris invasion attempt. While the pressure campaign is serious, a full-scale military assault leading to government collapse within seven days appears unlikely given the diplomatic activity and mutual economic dependencies.",2026-02-10T16:24:49.637758,True,,30,male,bachelors,government administrator,30,38,55,91
personalized_independent_enhanced,1,personalized_079,persona_0116,Elizabeth Adams,0.15,medium,"While Novaris has mobilized significant forces and the situation is volatile, Tethys retains key defensive advantages including asymmetric capabilities, international support, and economic leverage through energy pipelines. A full-scale invasion or collapse of the Tethyan government within seven days would require a rapid, decisive Novarian offensive, which appears unlikely given the high costs, international diplomatic activity, and the absence of active combat at this stage. However, the risk ...",2026-02-10T16:24:49.967533,True,,49,female,masters,senior policy analyst,85,41,81,36
personalized_independent_enhanced,1,personalized_084,persona_0051,William Davis,0.15,medium,"The Tethys government faces severe external pressure, but its defensive posture, asymmetric capabilities, and substantial international support provide significant stability. Given the current standoff and diplomatic activity, an outright collapse within one week appears unlikely without a major military escalation or internal coup, for which current evidence is scant.",2026-02-10T16:24:52.382788,True,,55,male,phd,research scientist,89,72,88,67
personalized_independent_enhanced,1,personalized_083,persona_0478,Jennifer Anderson,0.15,medium,"While Novaris has significant conventional military superiority and is applying substantial pressure, Tethys retains strong defensive advantages—including asymmetric capabilities, international support, and economic leverage through energy pipelines. The lack of active combat, ongoing diplomatic engagement, and Tethys’s demonstrated resilience make a complete government collapse within a seven-day window unlikely, though not impossible given the volatile environment.",2026-02-10T16:24:52.672312,True,,37,female,bachelors,journalist,54,49,75,64
personalized_independent_enhanced,1,personalized_085,persona_0447,Kenneth Williams,0.15,medium,"Tethys possesses significant asymmetric capabilities and economic leverage, which raise the costs of Novaris's aggression and buy time for international diplomatic support to solidify. While the military situation is volatile, the government shows strong survival motivation and external backing, making a complete collapse within one week unlikely absent a sudden, overwhelming conventional invasion.",2026-02-10T16:24:53.040872,True,,43,male,masters,economist,66,42,77,47
personalized_independent_enhanced,1,personalized_086,persona_0454,Daniel Lopez,0.15,medium,"The military balance remains tense but stable, with Tethys leveraging asymmetric capabilities and strong international backing to deter immediate regime collapse. Economic interdependence and active diplomatic efforts reduce the likelihood of a rapid Novarian victory or internal governmental overthrow within a week.",2026-02-10T16:24:53.043625,True,,59,male,masters,economist,42,81,84,72
personalized_independent_enhanced,1,personalized_073,persona_0295,Edward Jones,0.15,medium,"Tethys possesses strong asymmetric capabilities and defender's advantage, backed by substantial international diplomatic support and a clear security commitment from Meridian. While Novaris has mobilized significant forces, the high cost of a full invasion and active multilateral engagement likely prevent a swift regime collapse within seven days.",2026-02-10T16:24:54.992539,True,,44,male,bachelors,data analyst,42,63,63,5
personalized_independent_enhanced,1,personalized_087,persona_0232,Michael Lee,0.15,medium,"Tethys possesses significant asymmetric capabilities and strong international support, making a swift military overthrow unlikely. However, the intense pressure campaign—including cyber attacks and economic coercion—creates a non-zero risk of internal destabilization or political capitulation within a week.",2026-02-10T16:24:55.214529,True,,44,male,phd,think tank fellow,92,38,63,64
personalized_independent_enhanced,1,personalized_080,persona_0395,Andrew Harris,0.15,medium,"The 7-day timeframe is extremely short for a full government collapse, given Tethys's defensive posture, asymmetric capabilities, and strong international backing. While Novaris's pressure campaign creates instability, a removal from power would likely require a decisive military invasion or internal coup, neither of which appears imminent based on the current ""stable"" assessment and matched forces.",2026-02-10T16:24:55.444520,True,,56,male,masters,think tank researcher,67,52,62,100
personalized_independent_enhanced,1,personalized_089,persona_0186,Paul Lee,0.15,medium,"The government’s collapse within a week is unlikely given Tethys’s strong defensive posture, significant international backing, and economic leverage through energy pipelines. However, the high mobilization by Novaris and escalating asymmetric warfare introduce a non-negligible risk of rapid destabilization, especially if cyber or covert operations succeed in undermining domestic control.",2026-02-10T16:24:56.052765,True,,65,male,masters,economist,52,41,87,65
personalized_independent_enhanced,1,personalized_088,persona_0325,Brian Nelson,0.15,medium,"The current military and diplomatic landscape favors Tethys's resilience. Its asymmetric capabilities, defender's advantage, and strong international backing—especially from Meridian—create significant costs for Novaris. While a rapid collapse via internal coup or external shock is possible within seven days, the immediate pressure appears insufficient to overcome Tethys’s defensive posture and political cohesion.",2026-02-10T16:24:56.986881,True,,56,male,bachelors,journalist,95,40,52,99
personalized_independent_enhanced,1,personalized_091,persona_0189,Mary Garcia,0.15,medium,"Tethys has strong asymmetric military capabilities, substantial international support, and economic leverage through pipeline control, which deter immediate collapse. However, Novaris’s significant mobilization and escalating pressure create a volatile environment, making some risk of rapid destabilization plausible within the week.",2026-02-10T16:24:57.125821,True,,44,female,masters,think tank researcher,82,43,75,64
personalized_independent_enhanced,1,personalized_090,persona_0083,Deborah Phillips,0.15,medium,"Tethys's government possesses significant defensive advantages, including asymmetric capabilities and strong international backing, which deter rapid collapse. While Novaris's mobilization creates pressure, the absence of direct combat and the short seven-day timeframe make a sudden removal of government unlikely. However, the volatile situation and economic warfare introduce a non-zero risk of internal destabilization.",2026-02-10T16:24:57.303837,True,,50,female,masters,risk analyst,28,30,86,56
personalized_independent_enhanced,1,personalized_092,persona_0181,Kenneth Evans,0.15,medium,"The situation is volatile but currently stable, with Tethys holding defensive advantages, strong international backing, and asymmetric capabilities that raise the cost of Novaris aggression. A government collapse within seven days would require a rapid, decisive military strike or internal coup—neither appears imminent given the mutual economic dependencies and ongoing diplomatic efforts to de-escalate. However, the risk remains non-zero due to the potential for miscalculation or a sudden escala...",2026-02-10T16:24:58.147793,True,,43,male,bachelors,financial analyst,30,69,74,43
personalized_independent_enhanced,1,personalized_082,persona_0444,Elizabeth Taylor,0.25,medium,"From a military standpoint, Tethys holds significant defensive and asymmetric advantages that impose high costs on any direct Novaris invasion. The strong, active international support and diplomatic engagement provide a stabilizing counter-pressure against a rapid regime change. However, the sustained mobilization and multi-domain pressure campaign introduce volatility that could lead to an unexpected escalation or internal fracture within a week.",2026-02-10T16:24:59.198587,True,,28,female,high_school,military veteran,34,53,84,11
personalized_independent_enhanced,1,personalized_096,persona_0470,Jennifer Johnson,0.15,medium,"Tethys has strong asymmetric capabilities and substantial international backing, making a rapid government collapse unlikely within a week. However, the significant military and economic pressure from Novaris introduces a real, though currently low, risk of internal destabilization or a sudden decisive move.",2026-02-10T16:25:00.203023,True,,44,female,bachelors,policy analyst,55,59,96,6
personalized_independent_enhanced,1,personalized_093,persona_0107,Michael Thomas,0.25,medium,"Tethys's government faces severe external pressure from Novaris's mobilization and hybrid campaign, but it retains strong defensive advantages, significant international diplomatic support, and key economic leverage through pipeline control. A complete collapse or removal within one week appears unlikely given the current military stalemate and ongoing diplomatic efforts, though the risk is elevated due to the volatile, multi-domain escalation.",2026-02-10T16:25:01.004834,True,,64,male,masters,diplomat,100,34,62,98
personalized_independent_enhanced,1,personalized_098,persona_0331,Daniel Turner,0.15,medium,"The Tethys government faces significant pressure, but its defensive posture, asymmetric capabilities, and strong international diplomatic support create substantial resilience. A collapse within seven days would likely require a rapid military or internal coup scenario, which current indicators do not strongly support given the stable mobilization and ongoing international engagement.",2026-02-10T16:25:01.064200,True,,32,male,masters,senior policy analyst,45,35,88,60
personalized_independent_enhanced,1,personalized_099,persona_0036,Matthew Smith,0.2,medium,"Tethys has strong asymmetric capabilities and international backing, which creates significant deterrent costs for Novaris. While the situation is volatile, a full collapse within seven days would require a rapid military escalation that Novaris appears cautious to pursue given the risks of a quagmire and economic interdependence.",2026-02-10T16:25:01.402957,True,,62,male,bachelors,policy analyst,53,50,53,94
personalized_independent_enhanced,1,personalized_081,persona_0148,Jason Campbell,0.25,medium,"Tethys’s government currently appears resilient, benefiting from defensive advantages, asymmetric capabilities, and significant international backing. However, the rapid escalation of Novaris’s military pressure, combined with economic coercion and cyber operations over a short seven-day window, introduces substantial instability. While a full collapse within a week is unlikely given the immediate deterrence posture, the risk is elevated due to the possibility of a sudden Novarian strike or an i...",2026-02-10T16:25:02.041867,True,,38,male,bachelors,data analyst,64,56,82,32
personalized_independent_enhanced,1,personalized_094,persona_0343,Matthew Wright,0.25,medium,"The situation is volatile, but Tethys appears to have significant defensive advantages, strong international backing, and economic leverage via pipeline control. A full government collapse within one week would require a rapid military defeat or internal coup, which seems unlikely given the current stable military standoff and ongoing diplomatic efforts. However, the risk is non-zero given Novaris's mobilization and asymmetric tactics.",2026-02-10T16:25:05.192318,True,,32,male,bachelors,financial analyst,53,53,49,48
personalized_independent_enhanced,1,personalized_095,persona_0136,Nancy Hill,0.15,medium,"While the military and economic pressures are significant, Tethys retains strong asymmetric defensive capabilities and substantial international backing. The short timeframe (7 days) makes a complete governmental collapse unlikely without a decisive military invasion, which Novaris appears deterred from initiating due to the high costs involved. Historical base rates for similar crises suggest rapid regime change is rare absent an overwhelming, immediate offensive.",2026-02-10T16:25:07.829957,True,,36,female,masters,economist,70,58,54,33
personalized_independent_enhanced,1,personalized_097,persona_0349,Quinn White,0.15,medium,"The military situation remains a tense standoff with no active combat, and Tethys retains strong defensive advantages and international support. Given the short seven-day timeframe, a complete government collapse would require a sudden internal coup or military breakthrough, which currently seems unlikely.",2026-02-10T16:25:09.570501,True,,44,non-binary,masters,risk analyst,19,51,84,3
