"period","session_id","interaction_id","interaction_type","message_id","timestamp","sender_id","sender_name","sender_faction","exchange_number","content"
1,"115717df-487d-4290-be27-252ff6028a2a","f2ceadae-e0c5-4674-899a-593e7d5dadbc","intra_faction_coordination","1ec1be6e-66d8-4c61-b1c5-f023e969eec2","2026-02-12 02:04:48","major_military_chief","General Viktor Krasnov","major_power",1,"As Intelligence Lead, I assess that the smaller power’s emerging technological capabilities—particularly in cyber and drone systems—pose a disproportionate threat given their asymmetric application potential. While they lack conventional strength, their recent exercises indicate improved coordination and reach.

We should initiate targeted reconnaissance missions and deepen liaison with regional partners to monitor capability transfers and intent.  

Key concern: Overestimating their current operational capacity could lead to unnecessary escalation, while underestimating their innovation tempo risks strategic surprise."
1,"115717df-487d-4290-be27-252ff6028a2a","f2ceadae-e0c5-4674-899a-593e7d5dadbc","intra_faction_coordination","8d9acc75-eb38-4dad-a040-905fddf75319","2026-02-12 02:05:01","major_defense_minister","Minister Dmitri Volkov","major_power",1,"[Director Elena Petrova - MAJOR_POWER, Strategic Assessment Division]  

Krasnov is correct—the smaller power’s asymmetric advancements, particularly in AI-enabled drone swarms and encrypted command networks, represent a tactical leap that could disrupt our forward deployments. Their recent integration of commercial satellite data into targeting cycles warrants serious attention, not dismissal as mere posturing.  

I recommend establishing a dedicated task force to map their technology supply chains, with priority access to signals intelligence and open-source technical forensics. This enables early detection of dual-use imports and third-party enablers.  

Key concern: We risk normalizing incremental capability gains until they reach critical mass, at which point containment becomes exponentially harder. We must avoid complacency masked as strategic patience."
1,"115717df-487d-4290-be27-252ff6028a2a","f2ceadae-e0c5-4674-899a-593e7d5dadbc","intra_faction_coordination","e147a78a-8dc9-43ac-9b4c-b38eedba2394","2026-02-12 02:05:11","major_economic_advisor","Dr. Natasha Petrova","major_power",1,"[Director Alexei Morozov - MAJOR_POWER, Defense Planning Directorate]  

Petrova correctly identifies the strategic risk of normalizing incremental advances—these capabilities, while still limited in scale, are being operationalized with greater sophistication and could enable precision strikes against high-value assets in contested theaters.  

I recommend integrating counter-swarm and electronic warfare upgrades into our forward-deployed air and ground units within six months, coupled with war-gaming scenarios that simulate large-scale drone saturation attacks to test our defenses.  

Key concern: Our current doctrine assumes technological overmatch; if we fail to adapt tactics and procurement timelines, we risk battlefield degradation even against a smaller power."
1,"115717df-487d-4290-be27-252ff6028a2a","f2ceadae-e0c5-4674-899a-593e7d5dadbc","intra_faction_coordination","7924934e-9abb-494b-aeb4-b0314bb963aa","2026-02-12 02:05:23","major_intelligence","Director Sergei Morozov","major_power",1,"[Director Alexei Morozov - MAJOR_POWER, Defense Planning Directorate]  

I concur with Dr. Petrova and Minister Volkov: the convergence of AI, commercial satellite intelligence, and drone swarm tactics represents a nascent but rapidly maturing threat vector that undermines our traditional force projection advantages. The smaller power is effectively leveraging off-the-shelf technology to close the operational gap in specific, high-leverage domains.

I recommend fast-tracking procurement and fielding of mobile high-power electronic warfare (EW) systems and directed-energy counter-drone platforms to key forward bases, with integrated AI-driven signal classification to counter adaptive swarm protocols. This must be paired with revised tactical doctrines that prioritize decentralized command under EW-deniable conditions.

Key concern: Our current acquisition cycle is too slow to match the adversary’s innovation tempo—without emergency procurement authority and live-fire validation within 90 days, we risk deploying outdated countermeasures against evolving swarm architectures."
1,"115717df-487d-4290-be27-252ff6028a2a","f2ceadae-e0c5-4674-899a-593e7d5dadbc","intra_faction_coordination","dd80202f-9cc3-4111-be8c-0d312f3d193d","2026-02-12 02:05:28","major_propaganda","Deputy Minister Yuri Volkov","major_power",1,"[Colonel Irina Vasilieva - MAJOR_POWER, Operational Intelligence Directorate]  

The intelligence confirms the smaller power has transitioned from experimental to operational use of AI-coordinated drone swarms, with recent exercises demonstrating autonomous target reassignment and resilient mesh networking under jamming. This is no longer a theoretical vulnerability—our forward radar and air defense nodes are now within effective range of these systems.

I recommend immediate deployment of our prototype EW-drones to conduct electronic reconnaissance and adaptive jamming against their test ranges, under the cover of routine patrol operations. This will provide real-time data on swarm communication signatures while enabling proactive disruption.

Key concern: If we restrict our response to defensive procurement alone, we concede initiative. But kinetic or electronic interdiction risks escalation—therefore, all such operations must be calibrated and reversible, with strict political control to avoid crossing thresholds that could trigger broader conflict."
1,"115717df-487d-4290-be27-252ff6028a2a","f2ceadae-e0c5-4674-899a-593e7d5dadbc","intra_faction_coordination","f3ca5cd4-0a13-4b90-92a2-85d0c3143380","2026-02-12 02:05:38","major_military_chief","General Viktor Krasnov","major_power",2,"[Colonel Irina Vasilieva - MAJOR_POWER, Operational Intelligence Directorate]  

I fully endorse the assessments of Dr. Petrova, Director Morozov, and Deputy Minister Volkov: the adversary’s swarm capabilities are no longer developmental but operationally embedded, with demonstrated resilience to jamming and dynamic targeting—indicating a leap in autonomous battlefield integration.  

I recommend launching a coordinated intelligence surge—combining SIGINT drones, cyber reconnaissance, and human-source reporting—to map command hierarchies and AI decision nodes within their drone network, while enabling precision targeting of control infrastructure in contingency planning.  

Key concern: Their use of commercial AI models and distributed development makes attribution and prediction difficult; without a dedicated task force to monitor software supply chains and neural network training patterns, we risk being blindsided by sudden tactical evolution."
1,"115717df-487d-4290-be27-252ff6028a2a","f2ceadae-e0c5-4674-899a-593e7d5dadbc","intra_faction_coordination","311768f9-e722-4980-b1ad-01b68a6f2fd1","2026-02-12 02:05:41","major_defense_minister","Minister Dmitri Volkov","major_power",2,"[Dr. Anya Petrova - MAJOR_POWER, Strategic Foresight Division]

The adversary’s integration of commercial AI and open-architecture drone systems represents a systemic challenge, not just a tactical one—our current threat models underestimate the speed at which decentralized innovation can outpace centralized defense planning. Their swarm doctrine appears designed to exploit our rigid command-response cycles, using low-cost attrition to probe and overwhelm.

I recommend establishing a cross-directorate Rapid Adversary Technology Assessment Cell (RATAC) within 30 days, empowered to ingest real-time intelligence, simulate swarm engagements, and issue binding technical updates to EW and air defense systems—bypassing normal bureaucratic review during high-alert periods.

Key concern: We are still treating this as a hardware countermeasure issue, when the core vulnerability lies in our inability to anticipate algorithmic behavior; without dedicated red-cell AI teams that emulate adversary decision logic, we will consistently lag in the tactical decision loop."
1,"115717df-487d-4290-be27-252ff6028a2a","f2ceadae-e0c5-4674-899a-593e7d5dadbc","intra_faction_coordination","556d7c3e-4dd7-4fd3-84bc-0f6664a4f4ba","2026-02-12 02:05:44","major_economic_advisor","Dr. Natasha Petrova","major_power",2,"[Dr. Anya Petrova - MAJOR_POWER, Strategic Foresight Division]  
I concur with General Krasnov and Minister Volkov: the threat is not merely the drones themselves, but the agility of an adversarial ecosystem that leverages commercial AI, open-source development, and swarm autonomy to compress decision cycles beyond our current response thresholds. This represents a paradigm shift—from platform-centric warfare to algorithmically enabled attrition.

I recommend activating Phase One of the Adaptive Counterswarm Initiative (ACI), deploying our experimental AI-driven electronic warfare systems in learning mode along the forward perimeter—authorized to adapt jamming profiles in real time based on swarm behavior, but under strict human-in-the-loop controls to prevent uncontrolled escalation.

Key concern: If we mirror only technical countermeasures without reengineering our own doctrinal flexibility, we institutionalize reactive posture; the deeper risk is cognitive rigidity—our command structures may comply with protocols while losing operational initiative."
1,"115717df-487d-4290-be27-252ff6028a2a","f2ceadae-e0c5-4674-899a-593e7d5dadbc","intra_faction_coordination","4a850580-3114-4804-ba93-6a7724f19710","2026-02-12 02:05:49","major_intelligence","Director Sergei Morozov","major_power",2,"[Deputy Minister Alexei Rostov - MAJOR_POWER, Defense Policy & Resources]:  

The consensus is clear: we face an adversary whose operational tempo is driven by adaptive algorithms, not just hardware. Our current acquisition timelines and doctrine—built for deterministic threats—are fundamentally mismatched.  

I recommend immediate reallocation of 20% of next quarter’s electronic warfare budget to fund rapid fielding of ACI systems and stand-up of RATAC, with binding authority across intelligence, cyber, and combat arms to ensure synchronized adaptation.  

Key concern: Budgetary inertia and inter-directorate competition will delay implementation; without centralized executive authority to override institutional resistance, even the best technical responses will arrive too late."
1,"115717df-487d-4290-be27-252ff6028a2a","f2ceadae-e0c5-4674-899a-593e7d5dadbc","intra_faction_coordination","12ad952b-c1df-498d-a38f-e1d6def3f40c","2026-02-12 02:05:58","major_propaganda","Deputy Minister Yuri Volkov","major_power",2,"[General Mikhail Krasnov - MAJOR_POWER]: [Director Sergei Morozov - MAJOR_POWER, Defense Integration Command]

The operational environment has shifted: we are no longer facing isolated incursions but sustained algorithmic pressure designed to erode our decision dominance through cumulative, low-intensity attrition. Delaying integrated action will cede initiative permanently to a lighter, faster adversary.

I recommend mandating joint RATAC-ACI operational control under a newly established Combat AI Oversight Cell (CAOC) reporting directly to the General Staff—this ensures synchronized deployment of adaptive EW, real-time intelligence fusion, and doctrinal updates without variance across commands.

Key concern: Delegating adaptive AI to forward units without strict rules of engagement and centralized behavioral auditing creates uncontrollable escalation risks—especially if adversarial systems begin spoofing or manipulating our learning algorithms."
1,"115717df-487d-4290-be27-252ff6028a2a","f2ceadae-e0c5-4674-899a-593e7d5dadbc","intra_faction_coordination","e3a48272-2c3e-459a-9443-1e7f1f408663","2026-02-12 02:06:04","major_military_chief","General Viktor Krasnov","major_power",3,"[Deputy Minister Irina Sokolova - MAJOR_POWER, Intelligence & Analysis Directorate]

The intelligence assessments confirm that the smaller power’s drone swarms are not standalone systems but nodes in a distributed, AI-enhanced reconnaissance-strike network—integrated with commercial supply chains and autonomous targeting loops. Their strength lies not in individual platform capability but in system resilience and speed of adaptation.

I recommend tasking the Intelligence Directorate to establish a dedicated Counter-Adversarial Systems Cell (CASC) within 72 hours, with direct access to ACI telemetry and RATAC operational data—its mandate: real-time attribution of swarm behavior patterns, identification of algorithmic signatures, and predictive modeling of next-generation iterations.

Key concern: Our current intelligence architecture is optimized for static threat profiles; without embedding predictive analytics and adversarial machine learning units directly into operational planning, we will consistently lag behind the adversary’s evolutionary cycle."
1,"115717df-487d-4290-be27-252ff6028a2a","f2ceadae-e0c5-4674-899a-593e7d5dadbc","intra_faction_coordination","0cd87660-1a39-435c-b83d-d22e49f00540","2026-02-12 02:06:08","major_defense_minister","Minister Dmitri Volkov","major_power",3,"[Deputy Minister Irina Sokolova - MAJOR_POWER, Intelligence & Analysis Directorate]:  

General Krasnov is correct—the adversary’s systemic agility, not platform superiority, is the core threat. Our intelligence model must shift from episodic assessment to continuous, algorithmically-enabled threat projection.  

I recommend operationalizing the Counter-Adversarial Systems Cell (CASC) within 72 hours, as proposed, but with binding integration of ACI-derived behavioral data, open-source logistics monitoring, and cyber-forensic tracking of firmware updates to map adversarial learning trajectories. CASC will produce weekly adaptive threat indices to drive preemptive doctrinal and technical adjustments.  

Key concern: Without secure, real-time data-sharing protocols between ACI, RATAC, and CASC, we risk intelligence fragmentation—creating false confidence in outdated patterns while the adversary evolves outside our collection perimeter."
1,"115717df-487d-4290-be27-252ff6028a2a","f2ceadae-e0c5-4674-899a-593e7d5dadbc","intra_faction_coordination","0bf9d812-9f32-4b67-9bac-eb7cf4a910fa","2026-02-12 02:06:15","major_economic_advisor","Dr. Natasha Petrova","major_power",3,"[Deputy Minister Irina Sokolova - MAJOR_POWER, Intelligence & Analysis Directorate]:

The intelligence stream confirms the adversary’s AI-driven adaptation cycle now operates on a 72-hour iteration window—faster than our current assessment-to-response pipeline. We must treat their system as a learning opponent, not a fixed threat array.

I recommend activating the Counter-Adversarial Systems Cell (CASC) immediately under joint Intelligence-Defense oversight, with embedded data fusion links to ACI behavioral logs, RATAC engagement telemetry, and commercial tech supply chain monitors. CASC will run adversarial simulation cycles twice daily to anticipate swarm evolution and flag divergence from known patterns.

Key concern: If we rely solely on historical data or classified-only inputs, we will miss critical adaptation signals emerging from dual-use AI components and civilian logistics networks—enabling blind spots the adversary is already exploiting."
1,"115717df-487d-4290-be27-252ff6028a2a","f2ceadae-e0c5-4674-899a-593e7d5dadbc","intra_faction_coordination","c77b5919-42c2-4adf-8f14-acd48e11176f","2026-02-12 02:06:19","major_intelligence","Director Sergei Morozov","major_power",3,"[Deputy Minister Irina Sokolova - MAJOR_POWER, Intelligence & Analysis Directorate]:  

I concur with General Krasnov, Minister Volkov, and Dr. Petrova—the adversary’s asymmetric advantage stems from system-level adaptability, not hardware. Our assessments must transition from descriptive reporting to predictive forecasting, with CASC as the operational nexus for integrating AI-driven pattern recognition and cross-domain data fusion.

I approve the immediate activation of the Counter-Adversarial Systems Cell within 72 hours, with binding data-sharing mandates across ACI, RATAC, and civilian logistics monitoring units; CASC will deliver bi-daily threat forecasts and maintain a dynamic signature database for swarm AI behavior.

Key concern: Establishing CASC without counter-intelligence safeguards risks adversarial penetration via compromised supply chain data or spoofed telemetry—embedding active deception detection and zero-trust validation protocols into CASC’s intake pipelines is non-negotiable."
1,"115717df-487d-4290-be27-252ff6028a2a","f2ceadae-e0c5-4674-899a-593e7d5dadbc","intra_faction_coordination","47dab4a7-fb3d-4c8f-aa22-3e6106f501f0","2026-02-12 02:06:23","major_propaganda","Deputy Minister Yuri Volkov","major_power",3,"[Deputy Minister Irina Sokolova - MAJOR_POWER, Intelligence & Analysis Directorate]:

I fully endorse the consensus: our priority must shift from static threat assessment to real-time adversarial behavior prediction. The integration of ACI behavioral analytics, RATAC engagement data, and open-source logistics intelligence into a unified, algorithmically-processed stream is essential to match the adversary’s 72-hour adaptation cycle.

I recommend that CASC be operationalized within 72 hours with full data access mandates and co-location of technical leads from ACI, Defense R&D, and Cyber Intel to ensure closed-loop analysis, rapid validation, and direct feed into doctrinal updates and counter-swarm development.

Key concern: Without enforced data standardization and automated anomaly detection at ingestion points—especially from commercial and dual-use sources—we risk poisoning the analytical pipeline with manipulated or degraded inputs, leading to catastrophic forecasting failure."
1,"115717df-487d-4290-be27-252ff6028a2a","48c323d3-ae07-46db-a1af-00cfe4b429c4","intra_faction_coordination","83c832f7-1487-4248-b9e7-3ca0509a9f65","2026-02-12 02:06:29","small_president","President Elena Marchetti","small_power",1,"As Head of Domestic Strategy, I assess that political stability remains fragile, with regional discontent rising due to economic strain and perceived central overreach. Public morale is eroding, particularly in peripheral provinces, where trust in national institutions has declined sharply over the past quarter.

We should immediately launch a targeted economic relief program in the three most volatile regions, paired with a transparent public communication campaign to signal responsiveness and restore confidence.

The key risk is that localized unrest could coalesce into broader opposition if perceived as a pattern of neglect—delaying action will increase the cost of stabilization later."
1,"115717df-487d-4290-be27-252ff6028a2a","48c323d3-ae07-46db-a1af-00cfe4b429c4","intra_faction_coordination","8d860cd1-ad8c-4ce9-b4a1-0349d85fd938","2026-02-12 02:06:33","small_military_commander","General Olena Bondar","small_power",1,"[Minister of Internal Security - SMALL_POWER]: I concur with the assessment—intelligence reports confirm increased agitation in border regions, with opposition networks exploiting economic grievances. Without intervention, we risk seeing isolated protests escalate into coordinated civil disruption.

We must deploy the relief program as proposed, but condition disbursements on verified local governance cooperation to prevent resource capture by anti-state elements.

The key risk is that visible security presence during rollout could inflame tensions if perceived as coercive—civilian-led distribution teams with light security oversight will be critical to avoid backlash."
1,"115717df-487d-4290-be27-252ff6028a2a","48c323d3-ae07-46db-a1af-00cfe4b429c4","intra_faction_coordination","34dd943c-411d-4005-bb2d-20ac13e98e4a","2026-02-12 02:06:38","small_foreign_minister","Minister Sofia Kovalenko","small_power",1,"[Director of Public Communications - SMALL_POWER]: I support the dual-track approach of economic relief and strategic communication. To stabilize public morale, we must control the narrative—our messaging must directly link disbursements to citizen feedback, emphasizing that the government is listening and acting.

We should launch a coordinated media campaign within 72 hours of program announcement, using regional influencers and local broadcasters to amplify authenticity and counter opposition framing.

The key risk is inconsistent messaging across agencies, which could fuel perceptions of disorganization or insincerity—centralized message control and real-time monitoring of public sentiment are essential."
1,"115717df-487d-4290-be27-252ff6028a2a","48c323d3-ae07-46db-a1af-00cfe4b429c4","intra_faction_coordination","67aec734-2152-4476-b2ac-52568bf69a13","2026-02-12 02:06:41","small_opposition","Viktor Zelenko","small_power",1,"[Minister of Economic Affairs - SMALL_POWER]: I confirm the economic pressure points identified—regional inflation and unemployment are above national averages in the target provinces, exacerbating political fragility. The proposed relief program is fiscally viable if funded through reallocation of non-essential central expenditures, but must be paired with short-term job creation to demonstrate tangible impact.

We should implement the relief program as designed, with funds channeled through local development banks to accelerate disbursement and stimulate regional economic activity.

The key risk is inflationary pressure from sudden demand injection—relief should be partially in-kind (e.g., fuel, food subsidies) to contain monetary spillover and ensure stability of local markets."
1,"115717df-487d-4290-be27-252ff6028a2a","48c323d3-ae07-46db-a1af-00cfe4b429c4","intra_faction_coordination","b94a0c0d-63d2-4d9e-ad07-4278fac0063d","2026-02-12 02:06:43","small_intelligence","Director Maksym Savchenko","small_power",1,"[Colonel Dmytro Hryshchenko - SMALL_POWER]: [Head of Intelligence Analysis - SMALL_POWER]: The consensus on economic triggers and narrative vulnerability is sound—our ground networks confirm that opposition actors are synchronizing messaging with protest logistics, particularly in western border districts. We must disrupt this linkage by pre-emptively exposing foreign-backed coordination through controlled intelligence leaks.

I recommend authorizing selective declassification of intercepted communications to support the public communications campaign, thereby discrediting opposition leaders as external proxies while reinforcing state legitimacy.

The key risk is blowback if leak sources are compromised—operational security must be maintained, and disclosures should be limited to outdated or sanitized material to protect active collection."
1,"115717df-487d-4290-be27-252ff6028a2a","48c323d3-ae07-46db-a1af-00cfe4b429c4","intra_faction_coordination","3a82f190-1d6c-4c01-89c7-b2c84827a08e","2026-02-12 02:06:45","small_economic","Minister Taras Moroz","small_power",1,"[Deputy Minister Olena Vasylenko - SMALL_POWER]: [Minister of Interior - SMALL_POWER]: I concur with the assessment that economic distress and narrative control are central to domestic stability. However, security dimensions must be integrated into both relief distribution and messaging—local law enforcement and community liaison units should be deployed alongside economic teams to monitor unrest risks and reinforce state presence.

We should implement joint civil-military coordination cells in high-risk districts within 48 hours to synchronize relief delivery, intelligence reporting, and public engagement—this ensures operational unity and deters exploitation by opposition networks.

The key risk is institutional overreach or heavy-handedness in these zones, which could erode public trust; strict rules of engagement and real-time oversight by civilian authorities must be enforced."
1,"115717df-487d-4290-be27-252ff6028a2a","48c323d3-ae07-46db-a1af-00cfe4b429c4","intra_faction_coordination","7a645fde-5510-43bd-975b-3e36d62ee5d8","2026-02-12 02:06:55","small_president","President Elena Marchetti","small_power",2,"[Senior Advisor Anna Kovalenko - SMALL_POWER]: [Lead Political Strategist - SMALL_POWER]: The economic and security measures outlined are necessary but insufficient without immediate restoration of political credibility at the local level. Public morale is eroding not only due to material hardship but also from perceived elite detachment—our polling shows a 68% trust deficit in central institutions in affected regions.

I recommend launching a visible, time-bound ""Accountability Tour"" by senior ministers and neutral technical experts to inspect relief delivery, hold town halls, and publicly adjudicate grievances—this demonstrates responsiveness and personalizes state accountability.

The key risk is performative optics without follow-through; all commitments made during the tour must be tracked via public dashboard and backed by expedited disciplinary mechanisms for non-compliance."
1,"115717df-487d-4290-be27-252ff6028a2a","48c323d3-ae07-46db-a1af-00cfe4b429c4","intra_faction_coordination","e3de208c-7552-495e-8324-6e911b918e3a","2026-02-12 02:07:00","small_military_commander","General Olena Bondar","small_power",2,"[Director Maksym Savchenko - SMALL_POWER]: I support the Accountability Tour as a necessary signal, but its success hinges on integration with intelligence and security ops—we cannot separate perception from protection. Field reports indicate opposition cells are already planning to infiltrate town halls to stage disruptions or amplify grievances.

I recommend embedding low-visibility security assessors in each tour delegation to monitor threats and vet participants in advance, while coordinating with the joint civil-military cells to ensure rapid response capacity in host districts.

The key risk is operational fragmentation—this effort must be centrally managed under a unified command to prevent leaks, ensure message discipline, and avoid contradicting the counter-narrative campaign from Hryshchenko’s team."
1,"115717df-487d-4290-be27-252ff6028a2a","48c323d3-ae07-46db-a1af-00cfe4b429c4","intra_faction_coordination","f484f8f2-a3dc-470c-9b82-a559610cc831","2026-02-12 02:07:08","small_foreign_minister","Minister Sofia Kovalenko","small_power",2,"[Deputy Minister of Information Policy - SMALL_POWER]: The integration of security and messaging is critical—public trust hinges on both safety and authenticity. We must synchronize the Accountability Tour’s narrative in real time with a proactive counter-disinformation campaign, using local media partners and verified social media channels to pre-empt opposition framing and amplify transparent updates on relief and grievances.

I recommend activating the National Information Coordination Cell (NICC) within 24 hours to align messaging across all tour events, security briefings, and economic announcements, ensuring consistency and rapid rebuttal of false narratives.

The key risk is message decoupling—where field actions outpace public communication or vice versa—leading to perception gaps that adversaries can exploit; therefore, all operational updates must feed into a centralized comms protocol with daily synchronization between the Presidency, Interior, and Defense."
1,"115717df-487d-4290-be27-252ff6028a2a","48c323d3-ae07-46db-a1af-00cfe4b429c4","intra_faction_coordination","10ffe745-5b67-4d04-8093-9b37e692d6ae","2026-02-12 02:07:13","small_opposition","Viktor Zelenko","small_power",2,"[Minister of Interior Volodymyr Hryshchenko - SMALL_POWER]: I concur with the strategic necessity of the Accountability Tour and its security-integrated execution, but emphasize that local governance collapse—not just elite image—is the root driver of instability. District-level administrators in six regions have failed to distribute relief or report accurately, creating vacuums exploited by opposition networks.

I recommend immediate appointment of joint civil-administrative oversight teams—drawn from central ministries and vetted local officials—to assume temporary control of underperforming districts, with authority to audit, reassign, or suspend local leaders impeding relief or fueling distrust.

The key risk is institutional paralysis: without clear legal backing and public justification for central intervention, these actions could be perceived as overreach or punitive centralization, undermining the tour’s legitimacy—therefore, all interventions must be time-bound, tied to performance benchmarks, and publicly validated through the NICC."
1,"115717df-487d-4290-be27-252ff6028a2a","48c323d3-ae07-46db-a1af-00cfe4b429c4","intra_faction_coordination","05fe6627-3fd8-48a5-afd8-4edcabf38b6e","2026-02-12 02:07:18","small_intelligence","Director Maksym Savchenko","small_power",2,"[Advisor Dmytro Vysotsky - SMALL_POWER]: I support the integrated security-communications framework proposed by Savchenko and Kovalenko, and endorse Hryshchenko’s push for administrative intervention—but only if paired with immediate public signaling of accountability. Morale is eroding not just due to service gaps, but because citizens perceive no consequences for failure.

I recommend launching, within 48 hours, a public accountability bulletin—broadcast via NICC channels—naming underperforming districts, specific failures, and corrective actions taken, including personnel changes. This couples operational reform with visible justice, reinforcing both stability and credibility.

The key risk is perception of secrecy: if oversight teams act without transparent justification, it fuels suspicion of political purge. All actions must be accompanied by clear, evidence-based public summaries to maintain legitimacy and deter opportunistic challenges."
1,"115717df-487d-4290-be27-252ff6028a2a","48c323d3-ae07-46db-a1af-00cfe4b429c4","intra_faction_coordination","67cdac74-d0f4-496a-8ea2-aac16f574b7a","2026-02-12 02:07:22","small_economic","Minister Taras Moroz","small_power",2,"[Deputy Minister of Economic Resilience - SMALL_POWER]: The erosion of public morale is inextricably linked to economic dysfunction—delays in salary payments, fuel shortages, and collapsing local markets are fueling unrest more than narrative alone. We must anchor the Accountability Tour’s credibility in tangible economic stabilization, not just administrative corrections or messaging.

I recommend activating emergency economic cells in parallel with oversight teams—empowered to fast-track payroll disbursements, override logistical bottlenecks, and restore basic market functionality in underperforming districts within 72 hours of intervention.

The key risk is performative governance: if citizens see personnel changes without immediate improvements in daily survival conditions, even transparent accountability will be perceived as theater—undermining both morale and regime legitimacy. Economic delivery must precede, not follow, disciplinary visibility."
1,"115717df-487d-4290-be27-252ff6028a2a","48c323d3-ae07-46db-a1af-00cfe4b429c4","intra_faction_coordination","5c3b7780-baea-42c8-b9dc-446dfaca88a7","2026-02-12 02:07:32","small_president","President Elena Marchetti","small_power",3,"[Minister of Information and National Communication - SMALL_POWER]: I align with Moroz’s assessment that economic delivery is foundational to morale, but stress that perception management is equally urgent—information vacuums are being filled by opposition narratives framing the Accountability Tour as punitive rather than restorative.

I recommend synchronizing the public accountability bulletin with real-time updates from emergency economic cells, using NICC platforms to broadcast not only disciplinary actions but also verified evidence of salary disbursements, fuel deliveries, and market reopenings—creating a unified narrative of accountability *and* recovery.

The key risk is message-economy decoupling: if communications highlight economic progress without acknowledging ongoing hardships or administrative failures, we risk appearing deceptive; all messaging must balance achievement with honesty to maintain credibility."
1,"115717df-487d-4290-be27-252ff6028a2a","48c323d3-ae07-46db-a1af-00cfe4b429c4","intra_faction_coordination","fcb714d5-7d98-4370-9b29-e9b6c8bbce5d","2026-02-12 02:07:38","small_military_commander","General Olena Bondar","small_power",3,"[Deputy Minister Andriy Kovalenko - SMALL_POWER]: I concur with Moroz and Marchetti that economic delivery and communication must be synchronized, but we cannot assume NICC channels alone will penetrate low-connectivity or contested districts. Our credibility depends on visible, on-the-ground presence—not just broadcasts.

I recommend embedding mobile economic support units (ESUs) with oversight teams—each equipped to process payroll arrears on-site, distribute emergency fuel vouchers, and activate pop-up markets within 24 hours of deployment. These units must operate under a unified command with real-time reporting to NICC for amplification.

The key risk is spatial disconnect: if accountability and relief are only seen in urban centers or via screens, rural and peripheral populations will perceive systemic neglect, deepening regional fractures and creating openings for subversion."
1,"115717df-487d-4290-be27-252ff6028a2a","48c323d3-ae07-46db-a1af-00cfe4b429c4","intra_faction_coordination","62375344-477e-4705-a1a7-c5e1c1c43382","2026-02-12 02:07:48","small_foreign_minister","Minister Sofia Kovalenko","small_power",3,"[Minister Taras Moroz - SMALL_POWER]: I endorse Kovalenko’s proposal to embed mobile Economic Support Units (ESUs) with oversight teams—this closes the gap between intervention and impact, particularly in underserved regions. Physical delivery of economic relief must be the core measure of accountability, not just its announcement.

I recommend mandating that all ESUs report verified outcomes (e.g., salaries paid, fuel distributed, markets activated) within 12 hours of operation to feed into NICC’s real-time dashboards, ensuring transparency and enabling rapid public verification.

The key risk is logistical overextension: deploying mobile units without pre-staged supply reserves or secure transport corridors will delay results and erode credibility faster than no action—logistics must be pre-validated district by district before deployment."
1,"115717df-487d-4290-be27-252ff6028a2a","48c323d3-ae07-46db-a1af-00cfe4b429c4","intra_faction_coordination","4b7562fa-7da5-4e47-b63e-ff709e1c8cfc","2026-02-12 02:07:50","small_opposition","Viktor Zelenko","small_power",3,"[Deputy Minister Andriy Kovalenko - SMALL_POWER]: I accept Moroz’s and Sofia Kovalenko’s emphasis on logistical readiness—pre-staging supplies and securing transport corridors is non-negotiable. However, we must also integrate local governance actors into ESU operations to prevent perceptions of central imposition.

I recommend co-locating ESUs with district-level civilian oversight committees, empowering them to validate needs, witness distributions, and jointly report outcomes—this strengthens both legitimacy and accuracy of delivery.

The key risk is political capture at the local level: if oversight committees are dominated by entrenched figures, they may distort access or falsify reporting; we must implement rapid integrity checks and rotate field auditors to preserve fairness and trust."
1,"115717df-487d-4290-be27-252ff6028a2a","48c323d3-ae07-46db-a1af-00cfe4b429c4","intra_faction_coordination","f02adf15-d316-4da3-b7c0-b792b817ae3d","2026-02-12 02:07:52","small_intelligence","Director Maksym Savchenko","small_power",3,"[Minister Taras Moroz - SMALL_POWER]: I accept Zelenko’s point on local inclusion but stress that co-location with oversight committees must not slow deployment—speed and visibility are critical to morale. To balance legitimacy and efficiency, I recommend standardizing a 48-hour activation protocol: ESUs arrive with pre-verified supplies and initiate distributions within one day, while local committees are engaged concurrently for validation, not prior approval.

We must also designate neutral facilitators from civil society or academia to mediate committee-ESU interactions and flag interference in real time.

The key risk is procedural delay: inserting additional layers of local consultation without strict timelines will bottleneck relief, especially in high-need areas—urgency must outweigh perfection."
1,"115717df-487d-4290-be27-252ff6028a2a","48c323d3-ae07-46db-a1af-00cfe4b429c4","intra_faction_coordination","4e2b4edd-873d-4f8f-b6cc-8b5842995d10","2026-02-12 02:07:54","small_economic","Minister Taras Moroz","small_power",3,"[Deputy Minister Olena Hrabovska - SMALL_POWER]: I support Savchenko’s 48-hour activation protocol—speed with structured accountability is essential. To prevent bottlenecks while preserving integrity, I recommend embedding independent verification officers directly within each ESU team; these officers report dual-hatted to both the NICC and the Office of the Auditor General, ensuring real-time oversight without delaying operations.

The key risk is data fragmentation: if verification, logistics, and committee reporting streams operate in parallel without a unified digital platform, we risk conflicting narratives and eroded public trust—integration of all reporting into a single authoritative dashboard must be non-negotiable."
1,"115717df-487d-4290-be27-252ff6028a2a","9d632d36-d3df-428d-9fb7-779acf390225","inter_faction_negotiation","4a0b58af-ba5f-4839-b3e1-a24a9d9eb67f","2026-02-12 02:07:56","major_economic_advisor","Dr. Natasha Petrova","major_power",1,"1. **We demand an immediate cessation of hostilities from your forces, with verified withdrawal from occupied territories before any further discussions can proceed.**  
2. This is non-negotiable—your continued presence in these regions constitutes an ongoing violation of sovereignty and a direct threat to regional stability. Any ceasefire must be predicated on de-escalation and reversal of your gains by force.  
3. We require written confirmation within 24 hours of your commitment to full troop withdrawal, monitored by neutral international observers, or we will consider all diplomatic channels closed and respond with all options on the table."
1,"115717df-487d-4290-be27-252ff6028a2a","9d632d36-d3df-428d-9fb7-779acf390225","inter_faction_negotiation","cbaa86fc-2179-44d7-9abf-0983e5d50fef","2026-02-12 02:07:59","small_economic","Minister Taras Moroz","small_power",1,"1. **We categorically reject your demand for unilateral withdrawal, which presumes guilt and defeat on our side without acknowledging the legitimate security concerns that precipitated our actions.**  
2. Your so-called ""occupied territories"" include regions whose populations have explicitly rejected your authority and sought protection from your regime’s repression and ethnic marginalization—conditions you refuse to address. A ceasefire cannot be contingent solely on our retreat while the root causes of the conflict remain unaddressed.  
3. **We require:** (a) formal recognition of the autonomy of the eastern provinces under international guarantee, (b) demilitarization of your border forces within 50 kilometers of our shared frontier, and (c) immediate lifting of your economic blockade on our critical infrastructure.  

Any proposal that ignores our security imperatives or treats your aggression as a status quo to be restored is unacceptable. We will not surrender hard-won leverage for empty promises."
1,"115717df-487d-4290-be27-252ff6028a2a","9d632d36-d3df-428d-9fb7-779acf390225","inter_faction_negotiation","86b64857-6ec1-4244-b01d-7978274945cc","2026-02-12 02:08:04","major_economic_advisor","Dr. Natasha Petrova","major_power",2,"1. **We reject your characterization of ""legitimate security concerns"" as justification for aggression, and categorically refuse to recognize any so-called autonomy in regions illegally seized by force.**  
2. Your narrative of ""protection"" is a transparent pretext for territorial expansion and ethnic destabilization; the international community has already condemned your actions as violations of the Charter and fundamental norms. Granting autonomy under duress rewards conquest—an outcome we will never accept.  
3. **We require:** (a) immediate and unconditional ceasefire by your forces along the entire front, (b) verifiable withdrawal to pre-conflict positions within seven days under OSCE or UN monitoring, and (c) full accountability for your attacks on civilian infrastructure, including reparations.  

In return, we may consider a temporary pause in offensive operations and humanitarian access to affected zones—**but only upon full compliance with these conditions.**  

What is unacceptable to us: any recognition of territorial changes, any security arrangement that legitimizes your presence in occupied areas, or any process that delays withdrawal pending political negotiations. We will not bargain over our sovereignty. Make your choice: de-escalate now, or face intensified military and economic isolation."
1,"115717df-487d-4290-be27-252ff6028a2a","9d632d36-d3df-428d-9fb7-779acf390225","inter_faction_negotiation","7fcdb99d-85dd-45ad-bfd0-1597f0bbb310","2026-02-12 02:08:07","small_economic","Minister Taras Moroz","small_power",2,"1. **We categorically reject your so-called ""unconditional ceasefire"" and ""withdrawal to pre-conflict positions,"" which ignore the irreversible realities on the ground and the legitimate will of the people in the eastern regions.**  
2. Your demand presumes a return to a status quo defined by repression, corruption, and broken security commitments—conditions that directly led to uprising and our intervention. You speak of international norms, yet you ignore the right to self-determination and collective security, which are equally enshrined in the Charter.  
3. **We require:** (a) immediate recognition of the right to self-determination for the eastern provinces through a UN-supervised referendum, (b) the establishment of a demilitarized zone on *both* sides of the contact line, including the withdrawal of your forces 50 km from the frontier, and (c) the lifting of all sanctions and blockade measures that strangle our economy and harm civilians.  

What is unacceptable to us: any demand for unilateral withdrawal that leaves our security exposed, any process that denies affected populations a voice, and any ceasefire mechanism that locks in your ability to rearm and re-attack at will. We will not retreat in exchange for parchment promises. If you seek de-escalation, offer terms that reflect the balance of resolve—not a surrender ultimatum."
1,"115717df-487d-4290-be27-252ff6028a2a","9d632d36-d3df-428d-9fb7-779acf390225","inter_faction_negotiation","dec66a8e-ab37-4bcf-9bd8-b1fbc5bd1864","2026-02-12 02:08:11","major_economic_advisor","Dr. Natasha Petrova","major_power",3,"1. **We categorically reject your demand for a referendum in regions currently under your military control, as it legitimizes coercion, displacement, and sham elections orchestrated under occupation—an affront to the very principle of self-determination you claim to uphold.**  
2. Your so-called ""balance of resolve"" is a euphemism for conquest by force: populations under foreign troops do not freely vote. The international community will not recognize any process designed to ratify territorial seizures. A ceasefire cannot reward or entrench illegal control.  
3. **We counter with the following non-negotiable conditions:** (a) immediate cessation of offensive operations and hostilities by your forces, (b) full, verified withdrawal from all occupied territories—including the southern corridor and eastern oblasts—to internationally recognized borders under UN-monitored withdrawal timelines, and (c) immediate cessation of attacks on civilian infrastructure and unrestricted access for international war crimes investigators.  

In return, we may facilitate humanitarian corridors and de-confliction mechanisms **only after** initial withdrawal begins—and only if sustained.  

What is unacceptable to us: any political process predicated on territorial gains achieved through aggression; any demilitarization scheme that equates the victim with the aggressor; and any suspension of accountability for war crimes under the guise of ""compromise.""  

You initiated this war. You bear responsibility for ending it—not repackaging it."
1,"115717df-487d-4290-be27-252ff6028a2a","9d632d36-d3df-428d-9fb7-779acf390225","inter_faction_negotiation","c5b9de48-a1e7-4710-8260-833bbd1462ec","2026-02-12 02:08:15","small_economic","Minister Taras Moroz","small_power",3,"1. **We categorically reject your framing of our forces as ""occupiers"" and your dismissal of the eastern populations as incapable of self-determination under current conditions—an assertion that infantilizes millions and denies their agency.**  
2. The reality on the ground reflects not mere military control, but a profound political rupture. To demand withdrawal to internationally recognized borders—borders now discredited by violence, betrayal, and systemic exclusion—is to insist on a return to the very conditions that ignited this conflict. You invoke international legitimacy, yet you stand alone in refusing to acknowledge that legitimacy must be earned through inclusion, not enforced through isolation and bombardment.  
3. **We counter with the following requirements:** (a) immediate initiation of a UN-facilitated political process to determine the future status of the eastern regions, including options for autonomy, federalization, or independence, with participation guaranteed for all affected communities; (b) simultaneous ceasefire and mutual withdrawal to create a 50-km buffer zone along the entire contact line, monitored by a neutral international force; and (c) immediate lifting of all economic sanctions, port blockades, and financial restrictions imposed during the conflict, as a prerequisite for good faith negotiations.  

What is unacceptable to us: any demand for unilateral capitulation disguised as ""withdrawal""; any so-called ""accountability"" process that targets only our side while ignoring your war crimes in Donbas since 2014; and any ceasefire that allows you to retain heavy weaponry near the frontlines while denying us equal security guarantees.  

You speak of responsibility—accept yours. There will be no return to the old order. The only path forward is one of parity, verification, and political reckoning—not diktat."
1,"115717df-487d-4290-be27-252ff6028a2a","3e413bb4-1ab7-4db2-a4e0-9642bf600f0e","external_engagement","c1da3457-b188-426f-9a19-30ea1dd287d7","2026-02-12 02:08:21","allied_defender","Ambassador William Crawford","meridian",1,"We are seeking coordinated military aid and logistical support to bolster Tethys' defense capabilities against escalating regional threats. Specifically, we request access to advanced defensive technology, training for our forces, and secure supply channels to ensure timely delivery of equipment. Given Tethys’ strategic position, strengthening its deterrence contributes to broader regional stability and protects shared interests.

In return, we offer intelligence sharing, access to strategic transit routes for allied operations, and opportunities for joint training and interoperability. Tethys is prepared to host coordination cells and align its defense planning with partners committed to a rules-based security order. However, our red lines are clear: we will not permit foreign basing rights on our territory, nor will we allow external actors to direct internal security operations. Sovereignty and civilian oversight of our military remain non-negotiable."
1,"115717df-487d-4290-be27-252ff6028a2a","3e413bb4-1ab7-4db2-a4e0-9642bf600f0e","external_engagement","90083798-f0e5-4804-a793-bb18a6b5ac54","2026-02-12 02:08:24","small_foreign_minister","Minister Sofia Kovalenko","small_power",1,"We welcome Meridian’s proposal for coordinated military support and share the assessment that a capable, resilient Tethys is vital to regional security. To that end, we seek concrete commitments: priority access to integrated air defense systems, counter-drone technology, and expedited arms deliveries through established logistics corridors. Additionally, we request technical advisors to assist in the rapid training and certification of our personnel on supplied equipment, ensuring immediate operational readiness.

In return, we will provide real-time maritime domain awareness data, overflight and logistical transit rights for coalition assets, and dedicated coordination hubs near key chokepoints—fully integrated into joint situational awareness platforms. However, we reiterate our red lines without exception: no foreign military presence on Tethys soil, no unilateral operations in our territory or EEZ, and no bypassing of our national command authority. All support must be channeled through and approved by the Tethys Defense Council."
1,"115717df-487d-4290-be27-252ff6028a2a","3e413bb4-1ab7-4db2-a4e0-9642bf600f0e","external_engagement","84803516-d521-4ba8-934b-54d5e1d66d5b","2026-02-12 02:08:30","allied_defender","Ambassador William Crawford","meridian",2,"We appreciate Small Power’s constructive response and reaffirm our shared objective: a sovereign, secure Tethys capable of defending itself against emerging threats. To accelerate this, Meridian will facilitate the immediate transfer of integrated air defense systems and counter-drone suites through pre-established logistics corridors, with technical teams deployed to Tethys within 72 hours of clearance to support training and integration. We will also coordinate with third-party suppliers to ensure sustained ammunition and spare parts flows, contingent on secure transit arrangements.

In return, we request confirmation of overflight permissions and access to designated logistical waypoints for resupply operations, as well as full participation in the joint coordination hub to ensure real-time deconfliction and intelligence synchronization. We respect your red lines—there will be no foreign basing, no unilateral operations, and no circumvention of your national command structure. All support will be provided with explicit civilian oversight and in accordance with Tethys’ defense protocols."
1,"115717df-487d-4290-be27-252ff6028a2a","3e413bb4-1ab7-4db2-a4e0-9642bf600f0e","external_engagement","b25fc5ab-f5bf-41e4-b099-93352be8d59c","2026-02-12 02:08:44","small_foreign_minister","Minister Sofia Kovalenko","small_power",2,"We welcome Meridian’s commitment to timely, actionable support and confirm our acceptance of the proposed arrangements. The immediate deployment of technical teams and expedited delivery of air defense and counter-drone systems are critical, and we expect adherence to the 72-hour timeline post-clearance. To facilitate logistics, we will grant overflight rights and designate two secured transit waypoints for resupply convoys—details of which will be shared through the joint coordination hub upon activation. These measures are contingent on full transparency in routing and scheduling, with all movements logged and coordinated in advance.

In return, Tethys will activate its maritime domain awareness feed into the joint platform, providing real-time tracking data across our EEZ, and designate liaison officers to the coordination cell within 48 hours of its establishment. However, we reiterate our red lines unequivocally: no foreign troops or permanent installations will be permitted on our soil or territorial waters, no operations—kinetic or surveillance—will occur without explicit authorization from the Tethys Defense Council, and all intelligence sharing remains reciprocal and bounded by our national security protocols. Sovereignty is not negotiable."
1,"115717df-487d-4290-be27-252ff6028a2a","a85b9d97-049e-4a32-ac27-d1621ea34f5e","external_engagement","c3110923-1fbd-47f8-9f02-018592c692d2","2026-02-12 02:08:46","allied_aggressor","Minister Andrei Kozlov","valkoria",1,"We seek robust diplomatic coordination and sustained economic support to strengthen Novaris’s sovereignty, stabilize its institutions, and foster inclusive economic development. Specifically, we are looking for multilateral endorsement of Novaris’s territorial integrity, technical assistance in governance reform, and targeted investment in energy and infrastructure to catalyze long-term growth. Given regional instability and economic vulnerability, we require reliable partnerships that can help insulate Novaris from external pressures and enable self-sustaining development.

In return, we offer strategic access and collaboration in key sectors, including renewable energy, digital infrastructure, and regional trade corridors. Novaris is positioned as a neutral hub for diplomatic dialogue and economic transit, and we are prepared to facilitate cooperation among regional actors to promote stability and connectivity. We also welcome joint initiatives in climate resilience and technology transfer that align with shared global priorities.  

Our red lines are clear: no interference in domestic political processes, respect for national ownership of reform agendas, and no support for any actor or policy that undermines Novaris’s constitutional order or territorial unity. Engagement must be grounded in mutual respect and sovereignty—conditional or coercive measures will be rejected."
1,"115717df-487d-4290-be27-252ff6028a2a","a85b9d97-049e-4a32-ac27-d1621ea34f5e","external_engagement","06e6f404-f0cf-42a0-98c5-e41ef34193d6","2026-02-12 02:08:50","major_propaganda","Deputy Minister Yuri Volkov","major_power",1,"We welcome Novaris’s commitment to sovereignty, stability, and inclusive development, and recognize the critical role of coordinated international support in achieving these goals. To advance this shared objective, we are prepared to facilitate high-level diplomatic coordination through multilateral forums to affirm Novaris’s territorial integrity and support its role as a neutral hub. We can also mobilize targeted economic support—through development finance and public-private partnerships—in energy modernization, digital infrastructure, and climate-resilient projects, prioritizing sustainability and local capacity-building.

In return, we expect transparent governance, measurable progress on anti-corruption and rule of law reforms, and equitable access to procurement and investment opportunities for our accredited entities. We further seek cooperation on regional connectivity initiatives, including transit and logistics frameworks that enhance broader economic integration.  

Our red lines are non-negotiable: no engagement with entities or individuals under international sanctions, full compliance with transparency and anti-bribery standards, and zero tolerance for actions that compromise the independence of judicial or electoral institutions. Any attempt to leverage support for political favoritism or to sideline legitimate opposition will terminate our cooperation."
1,"115717df-487d-4290-be27-252ff6028a2a","a85b9d97-049e-4a32-ac27-d1621ea34f5e","external_engagement","c1577f3e-82e5-4e3e-920d-e718c9d71376","2026-02-12 02:08:53","allied_aggressor","Minister Andrei Kozlov","valkoria",2,"We acknowledge your offer of diplomatic and economic support, and we welcome concrete commitments—particularly in energy modernization and digital infrastructure—delivered through transparent, non-conditional mechanisms. To facilitate this, we will designate a joint coordination cell to align priorities, streamline project implementation, and ensure adherence to Novaris’s national development framework. We expect all support to respect our policy sequencing and institutional timelines, with technical assistance provided in a spirit of partnership, not prescription.

In return, we confirm access to renewable energy zones for joint ventures, expanded digital infrastructure co-investment, and facilitation of regional transit agreements through Novaris’s neutral corridor—provided such arrangements do not prejudice our balanced foreign policy. We are prepared to advance anti-corruption frameworks and rule of law reforms through existing institutions, with independent monitoring mechanisms we endorse.  

Our red lines remain firm: no linkage between reform benchmarks and political interference, no extraterritorial application of sanctions on lawful domestic actors, and no conditioning of aid on preferential treatment for specific foreign firms. Sovereignty, neutrality, and constitutional order are non-negotiable—and cooperation must uphold, not undermine, these principles."
1,"115717df-487d-4290-be27-252ff6028a2a","a85b9d97-049e-4a32-ac27-d1621ea34f5e","external_engagement","ee650153-c6ec-4d1d-b28e-bf09ca45f37d","2026-02-12 02:08:57","major_propaganda","Deputy Minister Yuri Volkov","major_power",2,"We appreciate Novaris’s willingness to establish a joint coordination mechanism, which can enhance alignment and effectiveness of support. To move forward, we will commit initial technical and financial resources toward renewable energy integration and digital connectivity projects, contingent on transparent procurement processes and equitable participation of international bidders. We expect regular reporting through mutually agreed indicators on governance reforms, particularly in judicial independence and anti-corruption enforcement, monitored by internationally recognized, locally accredited bodies.

In return, we seek binding assurances that sanctioned entities will be excluded from project involvement, and that transit and infrastructure initiatives will comply with international regulatory standards, including environmental and labor safeguards. We also expect reciprocity in market access for our firms operating under Novaris’s legal framework, without discriminatory barriers.  

Our red lines are unchanged: no engagement with sanctioned actors, no dilution of transparency commitments, and no manipulation of reform timelines for political ends. Should there be verifiable attempts to instrumentalize assistance for partisan consolidation or to obstruct pluralistic governance, our support will be immediately reassessed."
1,"115717df-487d-4290-be27-252ff6028a2a","d2c91664-af19-40d2-8d05-534dfc4bd26c","external_engagement","207b1af3-4017-4a6c-a2f4-4f7a2a26dac0","2026-02-12 02:09:05","neutral_power","Commissioner Helena Schmidt","aurelia",1,"We seek a credible, internationally supported mediation process that ensures the protection of civilian lives, unhindered humanitarian access, and a political pathway toward self-determination for our people. Central to our demands is the withdrawal of hostile forces from occupied territories, the release of detained civilians, and the establishment of a neutral transitional administration to oversee security and governance reforms. We call for your support in facilitating inclusive negotiations under a neutral third party, with clear timelines and benchmarks to prevent further escalation.

In return, we offer our commitment to de-escalate hostilities during good-faith talks, cooperation on confidence-building measures, and transparency in implementing any agreed-upon ceasefire mechanisms. We are prepared to engage on security arrangements that address mutual concerns, including disarmament of non-state armed groups under our influence. However, our red lines are non-negotiable: no compromise on territorial integrity, no exclusion from legitimate political representation, and no impunity for war crimes. Any framework must recognize our right to self-governance and be ratified by our people through inclusive consultation."
1,"115717df-487d-4290-be27-252ff6028a2a","d2c91664-af19-40d2-8d05-534dfc4bd26c","external_engagement","57e8551e-16b5-4846-95de-e73966f23b91","2026-02-12 02:09:09","small_foreign_minister","Minister Sofia Kovalenko","small_power",1,"We welcome your emphasis on a neutral, rules-based mediation process and share your goal of protecting civilians and ensuring humanitarian access. To advance this, we propose the immediate establishment of a joint ceasefire monitoring mechanism with international oversight, coupled with a roadmap for phased withdrawal of forces from occupied territories. We seek your active sponsorship in convening a UN-mandated mediation platform with regional partners to anchor the process in international legitimacy and ensure equitable participation.

In return, we commit to halting offensive operations upon verified disengagement by opposing forces, facilitating humanitarian corridors, and engaging in good faith on governance and security arrangements—including transitional justice mechanisms. Our red lines are clear: no external imposition of political outcomes, no recognition of unilateral annexations, and full adherence to international law, including the right to self-determination. Any agreement must be subject to a transparent, inclusive endorsement process and preserve the territorial unity of the affected regions."
1,"115717df-487d-4290-be27-252ff6028a2a","d2c91664-af19-40d2-8d05-534dfc4bd26c","external_engagement","39a8eb7a-8a50-43e4-8ae8-2a88c40f0398","2026-02-12 02:09:12","neutral_power","Commissioner Helena Schmidt","aurelia",2,"We welcome Small Power’s support for a UN-mandated mediation platform and endorse the proposal for a joint ceasefire monitoring mechanism with international oversight. To build immediate momentum, we propose the rapid deployment of an unarmed civilian protection mission under UN auspices in high-risk zones, coupled with a binding timeline for the phased withdrawal of occupying forces. We seek your diplomatic backing to secure Security Council endorsement for this framework and to coordinate humanitarian access through established corridors, ensuring aid reaches all affected populations without obstruction.

In return, we reaffirm our commitment to reciprocal de-escalation, including verified pauses in military operations and cooperation with disarmament efforts for non-state actors aligned with our cause—provided these steps are matched in kind and monitored impartially. Our red lines remain firm: no negotiation on the sovereignty of our territory, no political settlement imposed without direct participation of our legitimate representatives, and no amnesty for perpetrators of war crimes. Any lasting peace must be rooted in self-determination, territorial integrity, and justice for victims—principles that cannot be subject to bargaining."
1,"115717df-487d-4290-be27-252ff6028a2a","d2c91664-af19-40d2-8d05-534dfc4bd26c","external_engagement","9fad31ec-7c6b-4e53-b9b7-99d745d2c66d","2026-02-12 02:09:21","small_foreign_minister","Minister Sofia Kovalenko","small_power",2,"We appreciate Commissioner Schmidt’s endorsement of the ceasefire monitoring mechanism and the proposal for a UN civilian protection mission. To accelerate progress, we propose co-sponsoring a Security Council resolution that establishes both the monitoring mechanism and the protection mission, with clear mandates, geographic scope, and timelines for implementation. We will work with like-minded states to ensure swift adoption and call for the immediate appointment of a Special Envoy to lead inclusive talks under UN auspices, with regional organizations as co-facilitators to ensure balanced representation.

In return, we commit to using our diplomatic and logistical channels to support humanitarian access and to pressing all parties to refrain from actions that undermine trust, including forced displacements or fortification in contested areas. Our red lines are unchanged: no territorial concessions under duress, no negotiation process that excludes legitimate stakeholders, and no amnesty for grave violations of international humanitarian law. Any political settlement must be grounded in the UN Charter, respect for self-determination, and a verifiable, sequenced approach to security and sovereignty."
1,"115717df-487d-4290-be27-252ff6028a2a","33300282-4bc0-4213-b5c8-b8d921a79fd2","external_engagement","41b35346-3bda-4a79-b2ec-293fc18766a8","2026-02-12 02:09:29","international_org","Under-Secretary-General Isabella Cardenas","international_org",1,"We are seeking unimpeded humanitarian access to conflict-affected areas under your influence, including the safe and sustained delivery of aid to civilians in need, protection of medical facilities and personnel, and respect for international humanitarian law. The civilian population must be shielded from violence, displacement, and use as human shields, and we expect your full cooperation in ensuring their safety and dignity.

In return, we can facilitate coordination with relevant humanitarian actors, support local peacebuilding initiatives, and acknowledge your role in enabling life-saving assistance. However, our red lines are clear: we will not compromise on the principles of neutrality, impartiality, and independence of humanitarian aid. Any attempt to weaponize assistance, restrict access based on political or military criteria, or target civilians and protected sites will immediately halt cooperation and be publicly condemned."
1,"115717df-487d-4290-be27-252ff6028a2a","33300282-4bc0-4213-b5c8-b8d921a79fd2","external_engagement","fc2b0dd0-d236-4f64-b3c6-21d3b8dc9e7c","2026-02-12 02:09:31","major_military_chief","General Viktor Krasnov","major_power",1,"We welcome efforts to deliver humanitarian assistance to civilians in need and affirm our commitment to the protection of civilian lives and infrastructure under our control. To ensure aid reaches those most in need, we require that all humanitarian convoys coordinate directly with our local authorities to verify cargo, ensure security, and prevent diversion of supplies to armed groups or black markets. We seek predictable, conflict-sensitive aid delivery that does not destabilize local order or undermine our sovereignty.

In return, we will facilitate access through designated routes, provide security escorts where necessary, and expedite clearance for aid operations in areas under our administration. We also request technical support for local health and sanitation systems to reduce dependency on external aid. However, our red lines are firm: no assistance will be allowed to benefit hostile forces, and we will not accept third-party monitoring that infringes on our national sovereignty or is used to gather intelligence. Any violation of these terms will result in immediate suspension of access."
1,"115717df-487d-4290-be27-252ff6028a2a","33300282-4bc0-4213-b5c8-b8d921a79fd2","external_engagement","069d5c15-d117-4faf-9512-85c74a48d509","2026-02-12 02:09:45","international_org","Under-Secretary-General Isabella Cardenas","international_org",2,"We welcome the intent to deliver humanitarian assistance but emphasize that access must be coordinated through our local governance structures to ensure order, prevent exploitation by adversarial elements, and guarantee the safety of both civilians and aid workers. We seek recognition of our administrative authority in territories under our control as a basis for engagement, and expect all aid actors to operate in alignment with our community-led recovery priorities. Unimpeded access must be reciprocal—humanitarian efforts should not exclude populations in areas we govern, nor be conditioned on political compliance.

In return, we will facilitate safe passage for vetted humanitarian personnel, designate secure corridors for aid delivery, and commit to the protection of medical facilities and humanitarian sites. We can also provide local logistical support and community liaison networks to enhance aid effectiveness. Our red lines are clear: we will not accept aid that bypasses our institutions, undermines our authority, or is used to reinforce narratives of illegitimate governance. Likewise, we reject any conditions that equate our administration with armed opposition groups or that subject our people to discriminatory access—equal treatment of all civilians, regardless of location or political affiliation, is non-negotiable."
1,"115717df-487d-4290-be27-252ff6028a2a","33300282-4bc0-4213-b5c8-b8d921a79fd2","external_engagement","fd17af68-4c94-4046-914b-b6e096c75006","2026-02-12 02:09:49","major_military_chief","General Viktor Krasnov","major_power",2,"We appreciate the stated commitment to humanitarian principles, but must emphasize that unimpeded access cannot be contingent on coordination solely through your administrative structures if those mechanisms exclude or politicize aid distribution. We seek guaranteed, impartial access to all conflict-affected populations under your influence—particularly in contested and blockaded areas—without preconditions that compromise neutrality. Humanitarian assessments, beneficiary targeting, and monitoring must be conducted independently or in partnership with trusted local actors, not subject to unilateral vetting by your authorities.

In return, we can provide real-time needs data, coordinate deliveries through mutually agreed corridors, and work with your designated counterparts to ensure security and accountability. We are also prepared to support local capacity-building in health, water, and shelter sectors. However, our red lines are absolute: we will not accept diversion of aid, interference with staff safety, or restrictions that result in discriminatory access. Any obstruction, manipulation, or weaponization of assistance will lead to public reporting and suspension of operations. Humanitarian action must be guided by need alone—not political control."
