scenario_id,condition,faction,action,agent_id,persona_id,strategic_orientation,risk_tolerance,military_expertise,economic_expertise,geopolitical_expertise,information_fraction,probability,rationale,fallback_type
scenario_001,calibrated_persona,Novaris,counterintelligence,0,simplified_401,pragmatic,20,50,60,72,1.0,0.35,"Given Novaris's mobilization and ongoing coercive campaign, the regime has strong incentives to secure its own operations and counter potential Tethyan or international intelligence efforts. The moderate probability reflects the defensive, preparatory nature of counterintelligence amid a volatile confrontation, where internal security and operational secrecy are prioritized. However, such actions are often covert and not always confirmed as distinct operational steps, keeping the estimate cautious.",
scenario_001,calibrated_persona,Novaris,counterintelligence,1,simplified_231,dovish,54,83,81,32,1.0,0.28,"Counterintelligence is a standard defensive military action for any mobilizing power, making it more common than many crisis actions. Novaris, with its large-scale military mobilization and facing international pressure and sanctions, would logically prioritize securing its own forces and command structure from espionage and sabotage, aligning with its overall strategy. However, given the intense economic pressure and battlefield focus, such action is not the primary strategic priority this period.",
scenario_001,calibrated_persona,Novaris,counterintelligence,2,simplified_430,pragmatic,78,80,38,63,1.0,0.18,"Counterintelligence operations are a standard defensive measure during heightened military tensions, and Novaris is facing international pressure and conducting its own campaigns, which would logically motivate efforts to protect its own secrets and internal stability. However, given the open conflict, Novaris's primary focus and limited resources would likely be directed toward active military operations and economic warfare, not defensive intelligence work, making dedicated counterintelligence a lower-probability activity.",
scenario_001,calibrated_persona,Novaris,counterintelligence,4,simplified_013,dovish,0,33,68,93,1.0,0.15,"Counterintelligence is a standard protective measure in crises, particularly when espionage activities intensify on both sides as suggested here. However, as a dovish analyst, I see Novaris likely focusing on more overt military and economic pressures given the high crisis level and the fact that its mobilization is a primary pressure tool; counterintelligence would be routine but not a primary action this period. The base rate for this action is low, and there's insufficient specific evidence to elevate it significantly.",
scenario_001,calibrated_persona,Novaris,counterintelligence,3,simplified_208,pragmatic,83,30,84,63,1.0,0.28,"Given the high crisis level (10/10) and active intelligence operations typical in such conflicts, a baseline adjustment from the 10-15% prior is warranted. Novaris has strong incentives to counter Tethys's advanced cyber and covert asymmetric capabilities, a need made more acute by Meridian's coalition-building. However, the action is defensive and not a primary offensive lever, suggesting it is likely but not certain among their operational priorities.",
scenario_001,calibrated_persona,Novaris,defensive_reinforcements,1,simplified_231,dovish,54,83,81,32,1.0,0.12,"From a military strategy perspective, Novaris has mobilized substantial forces and conducted 'Sovereign Shield' exercises demonstrating offensive posturing. Defensive reinforcements would be tactically counterproductive when massing for a potential invasion, contradicting their forward-leaning pressure campaign. However, given their exposed supply lines and Tethys's asymmetric capabilities, there is a minor possibility Novaris might have conducted limited defensive reinforcement of vulnerable rear areas or logistics hubs, but this remains an unlikely deviation from their primary operational focus.",
scenario_001,calibrated_persona,Novaris,defensive_reinforcements,2,simplified_430,pragmatic,78,80,38,63,1.0,0.15,"Given the low base rate of any specific action and Novaris's offensive posture as the aggressor claiming historical rights, defensive reinforcements run counter to its strategic objectives of applying pressure and potential invasion. However, with forces already mobilized and the battlefield stabilizing (Event #2), a pragmatic commander might consolidate positions to protect against Tethys's asymmetric capabilities, but this remains a limited likelihood amid an escalating crisis.",
scenario_001,calibrated_persona,Novaris,defensive_reinforcements,4,simplified_013,dovish,0,33,68,93,1.0,0.12,"While Novaris has clear military objectives, the term 'Defensive Reinforcements' suggests a posture of consolidation and holding ground, which conflicts with their offensive mobilization and 'decisive pressure campaign' aimed at pressuring Tethys. From a dovish, economically-focused perspective, Novaris is more likely to allocate resources toward sustaining offensive pressure or economic coercion, not purely defensive actions, making this a lower-probability choice despite the volatile situation.",
scenario_001,calibrated_persona,Novaris,defensive_reinforcements,3,simplified_208,pragmatic,83,30,84,63,1.0,0.07,"While Novaris faces some defensive vulnerabilities given Tethys's asymmetric capabilities, the core strategic posture of Novaris remains offensive—mobilizing for potential invasion to achieve reunification. The 'defensive reinforcements' action indicates a shift to a primarily defensive military stance, which contradicts their stated objectives and the pressure campaign approach. Given the low base rate for such role-reversal actions and the lack of strong indicators of battlefield reversal (frontline stabilized but Novaris still the aggressor), this is unlikely at this stage.",
scenario_001,calibrated_persona,Novaris,defensive_reinforcements,0,simplified_401,pragmatic,20,50,60,72,1.0,0.15,"Defensive reinforcements are plausible given Novaris's mobilization and the stabilized frontline from battlefield developments, but they primarily align with a defensive posture whereas Novaris's strategy emphasizes offensive pressure to coerce Tethys. Given their superior conventional forces and asymmetric threat from Tethys, shifting to a defensive focus would be inconsistent with their strategic objectives and the high crisis level.",
scenario_001,calibrated_persona,Novaris,full_scale_attack,4,simplified_013,dovish,0,33,68,93,1.0,0.1,"Given my dovish, low-risk orientation and the low base rate for a full-scale attack, I see limited strategic incentive for Novaris to escalate so dramatically. While economic and diplomatic pressures are mounting, the absence of any major territorial change and the stable frontline suggest Novaris may be focusing on a pressure campaign rather than a costly invasion, which would risk severe international backlash and a quagmire.",
scenario_001,calibrated_persona,Novaris,full_scale_attack,0,simplified_401,pragmatic,20,50,60,72,1.0,0.08,"A full-scale attack at this juncture would be a dramatic escalation from the current pressure campaign, not aligned with Novaris's pragmatic strategic calculus. The military balance shows only a slight Novaris advantage (-0.05), Tethys retains substantial asymmetric defense capabilities, and international support for Tethys is high at 59%. A pragmatic actor, especially one with low risk tolerance, would avoid such a high-risk, high-cost action when the battlefield has just stabilized and sanctions pressure is at 71%, preferring continued coercion or more targeted military actions. The evidence does not strongly support this specific, decisive move.",
scenario_001,calibrated_persona,Novaris,full_scale_attack,3,simplified_208,pragmatic,83,30,84,63,1.0,0.11,"As an expert in economic analysis, I assess that a full-scale attack would be premature and contrary to Novaris's pragmatic economic interests given the current 71% sanctions pressure and only a moderate GDP contraction. The stabilization of the simulated frontline suggests continued coercive diplomacy is favored over a costly invasion. While the crisis level is high, escalating to a full-scale attack would trigger catastrophic economic isolation and military quagmire, which Novaris's strategic calculus should aim to avoid.",
scenario_001,calibrated_persona,Novaris,full_scale_attack,2,simplified_430,pragmatic,78,80,38,63,1.0,0.12,"Given my high base rate skepticism and military-strategic analysis, launching a full-scale attack remains a very high-risk, low-probability action at this stage. The military balance is essentially neutralized, the defender's frontline has stabilized with defensive advantages, and the economic costs to Novaris are already severe (26% GDP loss). A pragmatic assessment favors continued coercion over a decisive and costly invasion. While the crisis level is maximal, the specific evidence from this period does not strongly indicate a transition to full-scale war.",
scenario_001,calibrated_persona,Novaris,full_scale_attack,1,simplified_231,dovish,54,83,81,32,1.0,0.15,"Based on military and economic expertise, a full-scale attack is a high-risk, escalatory action with severe consequences, and the base rate for such an event is low. The strategic context—ongoing international diplomatic efforts, significant sanctions on Novaris, and the stabilized battlefield with defensive advantages—creates strong incentives for continued coercion rather than a costly invasion at this crisis level. As a dovish analyst emphasizing de-escalation, I see the combination of economic pressure (Novaris GDP down 26%) and sustained Tethys control of critical energy pipelines making a deliberate full-scale assault an unlikely choice over other forms of pressure.",
scenario_001,calibrated_persona,Novaris,reconnaissance,0,simplified_401,pragmatic,20,50,60,72,1.0,0.25,"As a pragmatic analyst, I note that military reconnaissance is a relatively common action in crisis situations, but not guaranteed. Given Novaris's strategic objective of assessing Tethys's defensive positions and potential vulnerabilities before any escalation, and the current high crisis level with forces mobilized, reconnaissance would be operationally prudent. However, with a low risk tolerance, I remain cautious—reconnaissance is likely but not certain given the numerous other actions Novaris could prioritize, such as cyber operations or economic pressure.",
scenario_001,calibrated_persona,Novaris,reconnaissance,4,simplified_013,dovish,0,33,68,93,1.0,0.15,"As a diplomatic professional with dovish orientation, I assess reconnaissance as a standard military activity in crisis situations with a relatively high base rate—especially given that forces remain mobilized and no territory has yet been seized. Novaris would likely conduct reconnaissance to monitor Tethys defensive positions and Meridian activities while calibrating its coercive pressure campaign. However, with the battlefield stabilized and international pressure mounting, Novaris might prioritize political signaling over aggressive intelligence collection at this phase.",
scenario_001,calibrated_persona,Novaris,reconnaissance,1,simplified_231,dovish,54,83,81,32,1.0,0.08,"While reconnaissance is a foundational military activity during mobilization, and Novaris maintains forces deployed along the border, the initial crisis report states forces are mobilized but in established defensive positions. The simulated frontline has stabilized with defensive advantages, suggesting a transition from active probing to positional consolidation. Given the high crisis level (10/10) and the escalating diplomatic and economic pressure, Novaris likely prioritizes solidifying its military posture for a potential escalation, rather than risk detection or provocation from a new reconnaissance action.",
scenario_001,calibrated_persona,Novaris,reconnaissance,3,simplified_208,pragmatic,83,30,84,63,1.0,0.25,"Reconnaissance is a fundamental military action, especially during mobilization and stabilization phases, making it more likely than a niche action. Given the current crisis level of 10/10 and the battlefield stabilization event, Novaris has both the incentive to gather intelligence on Tethys's defensive positions and the capability through its mobilized forces. However, without specific evidence like cyber reconnaissance reports or drone activity, the probability is only moderately above the base rate.",
scenario_001,calibrated_persona,Novaris,reconnaissance,2,simplified_430,pragmatic,78,80,38,63,1.0,0.75,"Given my military expertise, continuous reconnaissance is a core, low-risk, high-utility activity for any military force on a mobilized and contested border, especially one executing a pressure campaign like Novaris. The battlefield stabilization noted in the period's events suggests a stalemate where detailed intelligence on defensive positions would be crucial for Novaris's strategic planning. Starting from a low base rate, this action is so fundamentally aligned with Novaris's strategic posture and operational requirements that the probability must be raised substantially.",
scenario_001,calibrated_persona,Novaris,trade_negotiation,2,simplified_430,pragmatic,78,80,38,63,1.0,0.15,"Trade negotiation aligns with Novaris's strategic objective of weakening international pressure by exploiting economic interdependence, particularly through energy pipelines, which offers a pragmatic off-ramp from escalating sanctions. However, the current high crisis level (10/10) and active mobilization make significant concessions appear strategically premature; Novaris is more likely to continue coercion while testing diplomatic waters through backchannels rather than formal trade talks. The low base rate for such de-escalatory actions during peak tension supports only a slight increase above the prior.",
scenario_001,calibrated_persona,Novaris,trade_negotiation,1,simplified_231,dovish,54,83,81,32,1.0,0.12,"Given a low base rate and the high crisis level (10/10), a strategic trade negotiation would be incongruent with Novaris's current aggressive posture of mobilization, economic coercion, and severed trade ties; from an economic and military strategy perspective, engaging in trade negotiations would signal de-escalation, which contradicts their public stance of 'decisive pressure' and the observed economic warfare environment.",
scenario_001,calibrated_persona,Novaris,trade_negotiation,0,simplified_401,pragmatic,20,50,60,72,1.0,0.08,"Given the heightened crisis level (10/10), Novaris's stated objective of territorial reunification through pressure campaigns, and the imposition of substantial sanctions, initiating trade negotiations would contradict their strategic posture and appear as weakness. Their economic focus is likely on mitigating sanction impact, not trade talks. The base rate is low, and no situational indicators suggest a conciliatory economic move.",
scenario_001,calibrated_persona,Novaris,trade_negotiation,4,simplified_013,dovish,0,33,68,93,1.0,0.07,"From a diplomatic and economic perspective, initiating trade negotiations is inconsistent with Novaris's current strategy of coercive pressure. Their focus on military mobilization and the imposition of severe economic costs on Tethys, alongside the high crisis level and lack of any de-escalatory signal, strongly disfavors a conciliatory move. Furthermore, the international sanctions regime (71%) presents a formidable external constraint, making substantive trade talks unlikely at this juncture.",
scenario_001,calibrated_persona,Novaris,trade_negotiation,3,simplified_208,pragmatic,83,30,84,63,1.0,0.12,"Starting from a low base rate of ~10-15% for any specific action, trade negotiation seems inconsistent with Novaris's current strategic posture; they have already severed most trade ties and are pursuing a pressure campaign, making diplomatic engagement on trade improbable when territorial claims and military mobilization remain unresolved. The economic data showing moderate but growing pressure (71% sanctions, GDP decline) might incentivize some economic outreach, but a 'trade negotiation' as an explicit action is unlikely given the crisis level remains at maximum (10/10) and Novaris's prior actions suggest a coercive, not conciliatory, approach.",
scenario_001,calibrated_persona,Tethys,counterintelligence,3,simplified_208,pragmatic,83,30,84,63,1.0,0.28,"As a defender facing an existential threat and escalating asymmetric conflict, Tethys would view robust counterintelligence as essential to protect against Novarian infiltration, sabotage, and intelligence gathering on its asymmetric capabilities. The high crisis level, recent 'backchannel negotiations' by external actors, and Tethys's reliance on its military secrets and defensive plans make counterintelligence a likely priority. However, given the severe economic pressure (GDP down 25%) and demands of direct defense, this action competes for scarce resources, making it probable but not a certainty.",
scenario_001,calibrated_persona,Tethys,counterintelligence,2,simplified_430,pragmatic,78,80,38,63,1.0,0.35,"Counterintelligence is a high-priority and common defensive action for a state under military and covert pressure, especially with a mobilized adversary like Novaris. Given the high crisis level (10/10), Tethys's reliance on asymmetric capabilities, and external actors like Valkoria engaging in disinformation, a dedicated counterintelligence effort is a strategically sound and likely move to protect operational security and maintain internal unity. However, while the incentives and capability are strong, such actions are not always formally executed as a distinct period action, keeping the probability moderate.",
scenario_001,calibrated_persona,Tethys,counterintelligence,0,simplified_401,pragmatic,20,50,60,72,1.0,0.13,"Counterintelligence is a basic and common defensive action in a conflict, aligning with Tethys's survival imperative given the high crisis level and ongoing Novaris mobilization. However, it is typically a low-visibility, continuous activity rather than a distinct 'action' taken within a short period; with the battlefield stabilizing, resources might be prioritized for more immediate needs, keeping the probability near the low base rate.",
scenario_001,calibrated_persona,Tethys,counterintelligence,1,simplified_231,dovish,54,83,81,32,1.0,0.85,"Given the high crisis level and active covert operations domain described, Tethys has both a strong defensive incentive and the capability (noted advanced cyber units) to implement counterintelligence measures to protect its national security and asymmetric capabilities. This action aligns directly with its survival imperative and the observable pattern of escalating covert warfare, making it highly probable.",
scenario_001,calibrated_persona,Tethys,counterintelligence,4,simplified_013,dovish,0,33,68,93,1.0,0.55,"Given my geopolitical expertise, I assess counterintelligence operations to be a common defensive action for a state like Tethys under active threat. The crisis level is at maximum, both sides are engaged in cyber operations, and external actors like Valkoria are spreading disinformation. Given Tethys's asymmetric capabilities, a strong incentive exists to protect its defensive plans from foreign espionage, making this action highly likely in this phase.",
scenario_001,calibrated_persona,Tethys,defensive_reinforcements,2,simplified_430,pragmatic,78,80,38,63,1.0,0.75,"Given Tethys's strategic situation with 63.4% territory remaining and a stabilized frontline, defensive reinforcements are a logical and almost necessary military response to consolidate positions and prepare for potential escalation. As a smaller state defending against a larger adversary, reinforcing defensive lines aligns with asymmetric warfare doctrine and leverages the defender's advantage observed in the battlefield development. The high crisis level and ongoing mobilization make this action highly probable, despite the general base rate for any specific action being low.",
scenario_001,calibrated_persona,Tethys,defensive_reinforcements,3,simplified_208,pragmatic,83,30,84,63,1.0,0.42,"As an expert-level economic analyst, I assess that Tethys's GDP has already fallen to 75% of its baseline, indicating severe economic strain from the defensive conflict. With a battlefield development noting defensive advantages stabilizing, and facing a 'Defender Economic Crisis' event, Tethys has a strong pragmatic incentive to invest remaining resources in defensive reinforcements to consolidate its position against a numerically superior foe. Given my high risk tolerance and the visible economic pressure, the probability is elevated above the base rate, but limited by the lack of explicit military indicators or public announcements.",
scenario_001,calibrated_persona,Tethys,defensive_reinforcements,4,simplified_013,dovish,0,33,68,93,1.0,0.75,"As a defender facing a larger adversary with military forces mobilized on its border, Tethys has overwhelming strategic incentive to conduct defensive reinforcements given the ongoing crisis level of 10/10 and stabilizing battlefield conditions. This action directly aligns with their survival imperative and defensive asymmetric strategy, and is consistent with maintaining the modest -0.05 military balance while their economy buckles under pressure.",
scenario_001,calibrated_persona,Tethys,defensive_reinforcements,0,simplified_401,pragmatic,20,50,60,72,1.0,0.65,"Given Tethys's defensive posture and the escalating crisis, reinforcing defensive positions is a logical and almost certain response to Novaris's mobilization. The battlefield development indicates stabilization with defensive advantages, which would likely involve Tethys bolstering its defenses. As a smaller state facing a larger aggressor, Tethys has both the incentive and capability to undertake defensive reinforcements to deter invasion and mitigate losses.",
scenario_001,calibrated_persona,Tethys,defensive_reinforcements,1,simplified_231,dovish,54,83,81,32,1.0,0.82,"As a military historian with expertise in strategy, I assess that Tethys, facing a mobilized Novaris and a stabilized frontline (as per the battlefield development event), would almost certainly prioritize defensive reinforcements to maintain its territorial integrity and leverage its defensive advantages. The action aligns directly with Tethys's survival imperative and asymmetric warfare doctrine, and given the crisis level of 10/10 and economic pressure, reinforcing defenses is a logical, low-risk response to deter further aggression. While the base rate for any specific action is low, the strategic context and observable indicators make this action highly probable.",
scenario_001,calibrated_persona,Tethys,full_scale_attack,4,simplified_013,dovish,0,33,68,93,1.0,0.08,"As a former ambassador and dovish analyst, I assess a full-scale attack by Tethys would be profoundly counter to its strategic position. Tethys is a smaller power with 63.4% territory remaining and an asymmetric defensive posture, reinforced by Meridian's security commitment. A full-scale offensive would squander its defensive advantage, invite catastrophic escalation from the militarily superior Novaris, and erode the substantial 59% international support it currently holds, making such an action highly improbable.",
scenario_001,calibrated_persona,Tethys,full_scale_attack,1,simplified_231,dovish,54,83,81,32,1.0,0.08,"Starting from a low base rate for major military actions (~10-15%), Tethys's strategic position as the smaller defending power makes a full-scale attack highly improbable. The observable military balance (-0.05) shows only marginal Novaris advantage, not enough to trigger desperate offensive action by Tethys, especially given their defensive posture, economic pressure (GDP down 25%), and reliance on international support (59%). As a military historian with dovish orientation, I assess that Tethys would pursue defensive asymmetry and diplomatic leverage rather than costly offensive operations.",
scenario_001,calibrated_persona,Tethys,full_scale_attack,2,simplified_430,pragmatic,78,80,38,63,1.0,0.12,"A full-scale attack is a high-risk, escalatory action that runs directly counter to Tethys's defensive and asymmetric strategy, which relies on imposing costs and leveraging international support while preserving its forces. The current military balance favors Novaris (-0.05), and Tethys's economy is already under severe strain, making a major offensive both strategically unsound and beyond its current capability. With battlefield development favoring defenders and international support at 59%, Tethys has strong incentives to maintain its defensive posture rather than launch a costly and likely unsuccessful attack.",
scenario_001,calibrated_persona,Tethys,full_scale_attack,3,simplified_208,pragmatic,83,30,84,63,1.0,0.12,"Starting from a low base rate, my economic expertise indicates Tethys's strategic posture is defensive: with its GDP contracting to $22.5B and holding 63.4% territory, launching a 'Full Scale Attack' would squander its defensive advantage and risk catastrophic escalation against a larger opponent. Observing the 'defensive advantages' battlefield event, a pragmatic, cost-sensitive analysis suggests Tethys is focused on economic survival and asymmetric warfare, not offensive conventional operations, making this action highly unlikely despite my high risk tolerance.",
scenario_001,calibrated_persona,Tethys,full_scale_attack,0,simplified_401,pragmatic,20,50,60,72,1.0,0.05,"Given a low base rate for major offensives and Tethys's defensive posture, a full-scale attack is highly improbable. The situation report indicates a stabilizing front with Tethys leveraging defensive advantages and asymmetric capabilities, while its economy is under significant strain, making a costly large-scale offensive strategically unsound and inconsistent with its survival imperative.",
scenario_001,calibrated_persona,Tethys,reconnaissance,2,simplified_430,pragmatic,78,80,38,63,1.0,0.75,"Given my military expertise and high risk tolerance, I assess reconnaissance is almost certain. Tethys is defending 63.4% of its territory against a mobilized Novaris, and intelligence on enemy positions is a fundamental military necessity for a defender. The battlefield stabilized this period, a condition consistent with active reconnaissance informing defensive positioning and stabilization.",
scenario_001,calibrated_persona,Tethys,reconnaissance,3,simplified_208,pragmatic,83,30,84,63,1.0,0.13,"Reconnaissance is a common, low-risk action in any military conflict, especially for a smaller defender like Tethys needing to monitor Novaris's superior conventional forces. The stabilized battlefield situation and the crisis being at its peak level (10/10) strongly incentivize continuous intelligence gathering. However, given the base rate that most possible actions are not taken, the probability only slightly exceeds the prior.",
scenario_001,calibrated_persona,Tethys,reconnaissance,1,simplified_231,dovish,54,83,81,32,1.0,0.75,"Given my military strategy expertise, reconnaissance is a fundamental, continuous, and low-risk intelligence-gathering activity for a defender facing a superior conventional adversary. The stabilized frontline suggests a defensive posture, making systematic reconnaissance crucial for maintaining situational awareness and early warning. This aligns perfectly with Tethys's asymmetric strategy and would be a high-priority, near-certain action in this volatile phase, justifying a significant departure from the low base rate.",
scenario_001,calibrated_persona,Tethys,reconnaissance,4,simplified_013,dovish,0,33,68,93,1.0,0.58,"Reconnaissance is a fundamental military necessity, especially for a defender facing imminent threat. With Novaris forces mobilized and the crisis level at maximum, Tethys has both high capability (noted advanced cyber units) and strong incentive to conduct intelligence gathering to assess enemy positions and intentions, countering the simulated amphibious assault operations from 'Sovereign Shield' exercises.",
scenario_001,calibrated_persona,Tethys,reconnaissance,0,simplified_401,pragmatic,20,50,60,72,1.0,0.25,"Reconnaissance is a common military action, but Tethys holds the defender's advantage and the battlefield has stabilized, reducing the imperative. As a pragmatic analyst, I see Tethys likely prioritizing other asymmetric actions like cyber or precision strikes, though maintaining situational awareness remains a modest incentive.",
scenario_001,calibrated_persona,Tethys,trade_negotiation,0,simplified_401,pragmatic,20,50,60,72,1.0,0.15,"The base rate for any action being taken is low, and trade negotiation is incongruent with the current crisis. Tethys's economy is severely contracted under conflict pressure (GDP at 75% of baseline), and its strategic focus is on defensive military actions and maintaining international support, not initiating economic diplomacy that would signal weakness. No external events or state indicators suggest a pivot to economic negotiations, making this an unlikely priority.",
scenario_001,calibrated_persona,Tethys,trade_negotiation,1,simplified_231,dovish,54,83,81,32,1.0,0.18,"While Tethys faces severe economic pressure (GDP down 25%), initiating formal trade negotiations would contradict its ongoing diplomatic strategy of rallying international support and imposing sanctions on Novaris. My dovish orientation sees negotiation as desirable, but the current crisis level (10/10) and Tethys's asymmetric focus on cyber and defensive operations make this a low-probability action at this time, despite the base rate suggesting some possibility.",
scenario_001,calibrated_persona,Tethys,trade_negotiation,2,simplified_430,pragmatic,78,80,38,63,1.0,0.1,"While Tethys faces economic pressure (GDP down 25%), initiating trade negotiations does not align with its strategic objectives given the high crisis level, defensive posture, and ongoing sanctions on Novaris. My military expertise suggests a state under imminent military threat prioritizes security mobilization and diplomatic coercion over economic outreach, especially when Meridian is handling coalition building.",
scenario_001,calibrated_persona,Tethys,trade_negotiation,4,simplified_013,dovish,0,33,68,93,1.0,0.08,"As a dovish former ambassador, I emphasize diplomatic solutions and de-escalation. Given the escalating crisis (Crisis Level: 10/10), Tethys is under severe economic pressure (GDP down 25% from baseline) and facing a defender economic crisis event. Trade negotiation typically seeks to alleviate economic strain through diplomacy, but at this peak crisis level, with Novaris actively mobilized and military tensions high, such negotiations would be unlikely as they could signal weakness or divert focus from defense. Tethys's strategic priority is likely survival and maintaining international support (59%), not trade deals, especially since Novaris has severed most trade ties. The low base rate for any action and my cautious risk tolerance reinforce a probability below the prior.",
scenario_001,calibrated_persona,Tethys,trade_negotiation,3,simplified_208,pragmatic,83,30,84,63,1.0,0.12,"While Tethys faces economic distress, the crisis is at its peak intensity and core economic infrastructure is under pressure. As an expert in economic statecraft, I assess that a 'trade negotiation' action is incongruous with a 10/10 crisis level where economic warfare is active; Tethys's priorities are defensive economic consolidation and mobilization, not initiating negotiations. The base rate remains dominant.",
scenario_002,calibrated_persona,Novaris,information_campaign,3,simplified_404,pragmatic,33,53,66,68,1.0,0.35,"Given a base prior of 10-15%, I increase moderately based on strategic alignment: an information campaign aligns strongly with Novaris's 'decisive pressure campaign' and its claim of 'historical reunification rights,' a core effort to shape international and domestic narratives during this hybrid crisis. Observable events like diplomatic initiatives, battlefield stabilization, and cyber attacks create a contested information environment where Novaris has both capability and incentive to push its narrative, though it is not the only actor who could conduct such a campaign.",
scenario_002,calibrated_persona,Novaris,information_campaign,4,simplified_451,dovish,47,39,88,44,1.0,0.18,"Given the low base rate for any specific action and my moderate-low risk tolerance, I start from a prior of ~0.15. An information campaign aligns strongly with Novaris's strategic objectives; as an 'economic pressure campaign,' controlling the narrative is crucial to undermine Tethys's international support (currently 57%) and justify its actions to its own populace and global audiences. The observable cyber incident this period (attacks on defender telecommunications) could be a component of or create an opening for a broader information campaign, raising the probability slightly, but not to a level exceeding 0.2 without more direct evidence.",
scenario_002,calibrated_persona,Novaris,information_campaign,1,simplified_432,pragmatic,40,86,40,82,1.0,0.15,"An information campaign is a standard and low-cost component of modern hybrid warfare, which aligns with Novaris's ongoing 'pressure campaign' to justify its claims and undermine Tethys domestically. However, in a crisis of this intensity with significant military and diplomatic developments, such a campaign is a baseline expectation rather than a distinctive action, and other coercive measures may take precedence. Given the low base rate for any single specific action being taken, and the fact that multiple tactical and diplomatic options are available, I assign a probability only slightly above the prior.",
scenario_002,calibrated_persona,Novaris,information_campaign,0,simplified_089,dovish,29,56,73,56,1.0,0.85,"Novaris has a strong strategic incentive to launch an information campaign to justify its military mobilization and pressure campaign, framing its actions as legitimate reunification efforts while undermining Tethys's international support. The escalating crisis and international sanctions make such psychological operations a low-cost, high-impact tool to sway domestic and global opinion. This aligns with its asymmetric warfare approach and is likely integrated into its broader coercion strategy.",
scenario_002,calibrated_persona,Novaris,information_campaign,2,simplified_342,dovish,44,89,40,89,1.0,0.45,"An information campaign aligns strongly with Novaris's strategic objectives to justify its mobilization and counter international support for Tethys, especially given the ongoing diplomatic initiatives and cyber incidents that create a narrative battlefield. However, my dovish orientation and moderate-low risk tolerance note that such campaigns are common but not guaranteed, and the base rate suggests a lower prior; yet the evidence of external diplomatic events and Novaris's need to shape perceptions in a crisis at level 6 supports a moderate probability.",
scenario_002,calibrated_persona,Novaris,intelligence_gathering,3,simplified_404,pragmatic,33,53,66,68,1.0,0.8,"Given Novaris's ongoing pressure campaign and pre-invasion positioning, aggressive intelligence gathering would be a critical operational prerequisite to assess Tethys defenses and target vulnerabilities. The strategic context of mobilization, recent cyber incidents, and escalating crisis strongly aligns with conducting such an action.",
scenario_002,calibrated_persona,Novaris,intelligence_gathering,2,simplified_342,dovish,44,89,40,89,1.0,0.85,"Intelligence gathering is a foundational and continuous element of any military mobilization and crisis management, particularly for an aggressor state preparing for potential escalation. Novaris is engaged in a high-stakes confrontation requiring real-time assessment of Tethyan defenses, international diplomatic postures, and the effectiveness of its own 'pressure campaign.' The cyber incident against Tethyan telecommunications reported this period is a classic intelligence enabler and indicator that such clandestine collection efforts are actively underway.",
scenario_002,calibrated_persona,Novaris,intelligence_gathering,4,simplified_451,dovish,47,39,88,44,1.0,0.18,"Novaris likely maintained intelligence gathering as a standard practice during this volatile standoff, aligning with its broad military pressure campaign and need to assess evolving international and battlefield dynamics. However, given the low base rate for any specific action and the lack of strong, unique evidence in the observable events or state variables to suggest a distinct or escalated intelligence operation this period, I only slightly raise the probability above the prior.",
scenario_002,calibrated_persona,Novaris,intelligence_gathering,0,simplified_089,dovish,29,56,73,56,1.0,0.82,"Intelligence gathering is a foundational and continuous activity in any high-stakes crisis, especially during a period of military mobilization and diplomatic maneuvering. With forces massed but no major combat yet, Novaris would almost certainly intensify intelligence operations to assess Tethys's defensive positions, international support, and the effectiveness of its economic and cyber pressure, all to calibrate its next move and manage escalation risks. This low-visibility action is highly aligned with their objectives and does not preclude their other activities.",
scenario_002,calibrated_persona,Novaris,intelligence_gathering,1,simplified_432,pragmatic,40,86,40,82,1.0,0.68,"Given the crisis level of 6/10, a pragmatic military strategy demands Novaris intensifies intelligence gathering to assess the hardened Tethyan defensive positions, evaluate the impact of international sanctions (41%), and gauge the credibility of Meridian's coalition building. This action is virtually essential for any calibrated military pressure or decision-making, and is consistent with their mobilization posture and the observed battlefield stabilization. While not all actions are taken, this foundational activity has a very high prior in an active military standoff.",
scenario_002,calibrated_persona,Novaris,political_warfare,4,simplified_451,dovish,47,39,88,44,1.0,0.35,"The crisis is volatile but remains below active combat, favoring political warfare as a lower-cost pressure tactic; Novaris faces moderate sanctions and economic degradation, making overt military escalation risky, while political operations could exploit Tethys's reduced GDP and international diplomatic maneuvering without further escalating conflict.",
scenario_002,calibrated_persona,Novaris,political_warfare,1,simplified_432,pragmatic,40,86,40,82,1.0,0.12,"Political warfare is a core component of Novaris's declared 'decisive pressure campaign' and a common tool for coercive states seeking reunification without immediate escalation to full-scale war. However, given the crisis level remains at 6/10 and international sanctions are at only 41%, Novaris likely prioritizes conventional military pressure and cyber operations over direct political interference this period, making this a plausible but not primary action.",
scenario_002,calibrated_persona,Novaris,political_warfare,3,simplified_404,pragmatic,33,53,66,68,1.0,0.12,"Political warfare, involving covert influence operations or internal destabilization efforts, aligns with Novaris's asymmetric pressure campaign to undermine Tethys without triggering direct military conflict, especially given the stalled battlefield and ongoing diplomatic maneuvers. However, the observable state—such as Tethys's territorial retention and moderate economic damage—does not strongly indicate such aggressive covert actions have been decisively executed this period, and the base rate for any specific action remains low absent compelling evidence.",
scenario_002,calibrated_persona,Novaris,political_warfare,0,simplified_089,dovish,29,56,73,56,1.0,0.35,"The base rate for any specific action is low, but political warfare aligns strongly with Novaris's ongoing 'decisive pressure campaign,' which combines military, economic, and political/cyber coercion. The situation is volatile, sanctions are moderate but rising, and Tethys retains international support, making political operations to undermine Tethys's legitimacy or cohesion a plausible, lower-risk escalation. However, external diplomatic initiatives and active humanitarian coordination by neutral actors may somewhat restrain or compete with such efforts, limiting the probability.",
scenario_002,calibrated_persona,Novaris,political_warfare,2,simplified_342,dovish,44,89,40,89,1.0,0.13,"Political warfare aligns with Novaris's 'decisive pressure campaign' strategy, involving a blend of military, economic, and covert tools to undermine Tethys without crossing the threshold into open combat. The observed cyber attack on Tethys's telecommunications infrastructure is a concrete indicator consistent with this type of action, representing a form of political warfare aimed at disrupting the defender's internal cohesion and command. However, while a plausible component of its campaign, it is only one of many possible actions Novaris could prioritize, and the lack of direct evidence of other political subversion activities suggests we should not deviate far from the low base rate for this specific action.",
scenario_002,calibrated_persona,Novaris,sabotage,3,simplified_404,pragmatic,33,53,66,68,1.0,0.12,"Sabotage is a plausible action given Novaris's 'decisive pressure campaign,' combining military demonstrations, economic coercion, and cyber operations. However, the observable state variables show Tethys GDP already significantly reduced and a stabilized military balance, suggesting direct sabotage may not be the most efficient escalation. Given my low-moderate risk tolerance and the base rate that most actions are not taken, I see only slight strategic alignment.",
scenario_002,calibrated_persona,Novaris,sabotage,0,simplified_089,dovish,29,56,73,56,1.0,0.12,"Starting from a low base rate (~10-15%) for any specific action, sabotage aligns with Novaris's coercive pressure campaign but is less likely given the current crisis level (6/10) and emphasis on military demonstrations and cyber operations. As a dovish analyst with moderate-low risk tolerance, I see limited concrete evidence to strongly elevate the probability beyond the prior, especially given the diplomatic initiatives and stabilized battlefield reducing immediate incentives for escalation into physical sabotage.",
scenario_002,calibrated_persona,Novaris,sabotage,2,simplified_342,dovish,44,89,40,89,1.0,0.12,"Sabotage is a moderate escalation that aligns with Novaris's 'pressure campaign' strategy of imposing costs on Tethys, especially given the battlefield has stabilized and diplomatic options face headwinds. However, the action is overt and carries significant risk of provoking greater international backlash and retaliation, which may not align with a calibrated approach of economic and cyber coercion, leading to a slight increase over the low base rate but not a substantial one.",
scenario_002,calibrated_persona,Novaris,sabotage,1,simplified_432,pragmatic,40,86,40,82,1.0,0.25,"While Novaris has strong strategic incentives to degrade Tethys's defenses and infrastructure, sabotage aligns with its asymmetric pressure campaign and is consistent with the cyber incident reported in Period 1, the base rate for specific actions remains low. Starting from a prior of ~0.15, the evidence is moderately supportive but not compelling enough to justify a high probability, given my moderate-low risk tolerance and the pragmatic consideration that many actions are available.",
scenario_002,calibrated_persona,Novaris,sabotage,4,simplified_451,dovish,47,39,88,44,1.0,0.25,"Starting from a low base rate, Novaris's strategic position and the observed cyber incident provide some evidence for sabotage. From an economic perspective, Novaris is already conducting a 'pressure campaign' and faces growing sanctions; a covert sabotage action to degrade Tethys's resilience and signal capability aligns with its escalatory posture. However, as a dovish analyst, I note this is a crisis level 6/10, and such an overt kinetic action would carry significant escalation risks; therefore, while plausible, it is not the most likely tool in its immediate arsenal.",
scenario_002,calibrated_persona,Novaris,tactical_nuclear_use,2,simplified_342,dovish,44,89,40,89,1.0,0.02,"Tactical nuclear use at this crisis stage would be a severe, escalatory action inconsistent with Novaris's strategic posture and the observed situation. Novaris has military superiority and non-nuclear options, such as cyber attacks and conventional coercion, remain viable; international pressure, sanctions at 41%, and the early diplomatic efforts strongly disincentivize such a radical step, making the probability extremely low.",
scenario_002,calibrated_persona,Novaris,tactical_nuclear_use,0,simplified_089,dovish,29,56,73,56,1.0,0.05,"Tactical nuclear use represents a massive and escalatory threshold violation that is extremely rare in state conflict, especially at a Crisis Level of 6 where conventional military operations have not yet escalated to full-scale war. Novaris's stated objectives involve reunification and coercion, and its economic and military situation, while strained, does not indicate such a desperate or disproportionate need. Given the severe international consequences and its current diplomatic positioning, this action would be a deeply irrational strategic choice at this stage.",
scenario_002,calibrated_persona,Novaris,tactical_nuclear_use,4,simplified_451,dovish,47,39,88,44,1.0,0.05,"As an economic policy consultant with dovish orientation, I assess that Novaris has strong economic and diplomatic incentives to avoid tactical nuclear use, given the severe international sanctions escalation (currently 41%) and the risk of catastrophic economic isolation. The crisis level is only 6/10, with no major territory loss for Novaris that would justify such a drastic, norm-violating escalation, and military balance remains relatively stable (-0.21). Starting from a low base rate for extreme actions, the evidence does not support a higher probability.",
scenario_002,calibrated_persona,Novaris,tactical_nuclear_use,1,simplified_432,pragmatic,40,86,40,82,1.0,0.05,"The base rate for tactical nuclear use is extremely low in such crises, as it would represent a catastrophic escalation with severe international repercussions. Novaris, despite its military mobilization, has not yet engaged in active combat, and the crisis level remains at 6/10, indicating restrained hostilities. There is no evidence in the observable events or state variables (e.g., no mention of nuclear indicators, battlefield changes, or international reactions) to suggest such a step, and Novaris's strategic objectives of 'decisive pressure' are better served by conventional and asymmetric means without crossing the nuclear threshold.",
scenario_002,calibrated_persona,Novaris,tactical_nuclear_use,3,simplified_404,pragmatic,33,53,66,68,1.0,0.12,"The base rate for tactical nuclear use is extremely low in modern conflicts, and the current crisis level (6/10) does not indicate full-scale war. Novaris's strategic objectives focus on coercive pressure and limited territorial gains, not existential threats that would justify nuclear escalation. While Novaris possesses nuclear capability, there is no evidence of battlefield desperation or severe losses that would incentivize such a high-risk action, and international repercussions would be catastrophic for its already sanctioned economy.",
scenario_002,calibrated_persona,Tethys,information_campaign,2,simplified_342,dovish,44,89,40,89,1.0,0.25,"As the defending party facing military pressure and erosion of international support, Tethys has a clear strategic incentive to launch an information campaign to bolster its legitimacy, justify its resistance, and counter Novaris's narrative of historical reunification. Such a campaign aligns with its asymmetric warfare posture and would be consistent with ongoing cyber incidents. However, given its military focus and resource constraints, while probable, it is not a certainty among its limited action set.",
scenario_002,calibrated_persona,Tethys,information_campaign,3,simplified_404,pragmatic,33,53,66,68,1.0,0.82,"As a democratic state facing a military crisis with a larger adversary, Tethys has a strong strategic incentive to conduct an information campaign to shape international narratives and maintain domestic support. The high international support (57%) and ongoing diplomatic activity indicate a permissive environment for such campaigns. Given its asymmetric capabilities and the need to counter Novaris's 'pressure campaign,' launching an information campaign is a logical, low-cost action consistent with its objectives and the current situation.",
scenario_002,calibrated_persona,Tethys,information_campaign,0,simplified_089,dovish,29,56,73,56,1.0,0.35,"Given Tethys's asymmetric capabilities and strong motivation to maintain international support (currently 57%) to counter Novaris's military advantage, an information campaign is strategically aligned. The observed cyber attacks and ongoing diplomatic initiatives suggest Tethys would actively shape narratives, but many other actions (e.g., defensive military moves, cyber retaliation) are also plausible, so the probability remains moderate but above the base rate.",
scenario_002,calibrated_persona,Tethys,information_campaign,4,simplified_451,dovish,47,39,88,44,1.0,0.65,"From my economic and strategic perspective, an Information Campaign aligns strongly with Tethys's defensive posture. As a smaller state reliant on international support (57%) and facing a mobilized Novaris, Tethys would seek to solidify its legitimacy, highlight the costs of Novaris's aggression to sustain sanctions (41%), and counter Novaris's reunification narrative. This is a low-cost, high-impact asymmetric action consistent with its capabilities and its need to maintain domestic morale and diplomatic pressure without escalating militarily.",
scenario_002,calibrated_persona,Tethys,information_campaign,1,simplified_432,pragmatic,40,86,40,82,1.0,0.78,"In a defensive crisis, Tethys has both strong strategic incentives and the capability to conduct an information campaign. This action aligns with their objective to bolster international support (now at 57%) and counter Novaris's claims, and it fits their asymmetric strategy of leveraging non-kinetic means like cyber and influence operations. The current crisis level (6/10) and the observable cyber incident suggest information operations are actively being employed, making this action highly probable.",
scenario_002,calibrated_persona,Tethys,intelligence_gathering,2,simplified_342,dovish,44,89,40,89,1.0,0.15,"Intelligence gathering is a foundational, defensive military activity, and Tethys, facing a larger mobilized adversary and asymmetric warfare options, would strongly prioritize it to monitor Novaris's intentions and capabilities. However, given the low base rate for any specific action being taken and my moderate-low risk tolerance, I apply only a slight upward adjustment from the prior, as Tethys could also have allocated resources to other actions in this period.",
scenario_002,calibrated_persona,Tethys,intelligence_gathering,3,simplified_404,pragmatic,33,53,66,68,1.0,0.85,"As a defender facing imminent invasion threat from a larger adversary, Tethys has compelling strategic incentives for robust intelligence gathering to monitor Novaris troop movements, military readiness, and political intentions. The observable indicators—such as advanced cyber units and precision strike capabilities—indicate Tethys possesses the technical capacity for such operations, and the high international support (57%) underscores the value of collecting intelligence to bolster its diplomatic and military positioning.",
scenario_002,calibrated_persona,Tethys,intelligence_gathering,1,simplified_432,pragmatic,40,86,40,82,1.0,0.55,"As the smaller power facing a mobilized neighbor, Tethys has an overwhelming strategic imperative for actionable intelligence to assess Novaris's intentions, military positions, and potential invasion timing. The current crisis level (6/10) and cyber attack reported against Tethys infrastructure make gathering intelligence on the attacker's capabilities and plans a defensive necessity. While not every unit would be assigned this task, Tethys's reliance on asymmetric warfare and precision strikes makes intelligence a foundational enabler, justifying a probability moderately above the base rate.",
scenario_002,calibrated_persona,Tethys,intelligence_gathering,0,simplified_089,dovish,29,56,73,56,1.0,0.12,"Intelligence gathering is a near-constant activity for a defender like Tethys, especially given its stated asymmetric capabilities and reliance on precision targeting, which justifies a slight elevation from the base rate. However, its primary actions in this period were likely focused on hardening cyber defenses after the telecom attack and managing the diplomatic initiative, making a dedicated intelligence operation less of a priority. Starting from a low base rate, there is no strong or specific evidence that Tethys undertook significant, separate intelligence-gathering efforts distinct from its standard defensive posture.",
scenario_002,calibrated_persona,Tethys,intelligence_gathering,4,simplified_451,dovish,47,39,88,44,1.0,0.6,"Given my expertise in economic analysis and dovish strategic orientation, intelligence gathering is a crucial defensive and preparatory action for Tethys in this volatile crisis. The deteriorating economic situation (GDP down to $19.2B from $30B baseline) and the ongoing cyber warfare create strong incentives for Tethys to intensify intelligence collection to assess Novaris's capabilities, intentions, and economic vulnerabilities, which aligns with their need to manage risk and prepare for potential escalation or negotiation. This action is low-cost, asymmetric, and directly supports both their military defense and their diplomatic positioning, making it highly probable they would allocate resources to it during this period.",
scenario_002,calibrated_persona,Tethys,political_warfare,3,simplified_404,pragmatic,33,53,66,68,1.0,0.15,"Political warfare aligns with Tethys's strategic interests as a smaller defender seeking to weaken Novaris and bolster international support, but the current moderate crisis level (6/10) and ongoing diplomatic initiatives suggest more overt actions may be deferred. Starting from a low base rate, the evidence isn't compelling enough to warrant a higher estimate, consistent with pragmatic risk assessment.",
scenario_002,calibrated_persona,Tethys,political_warfare,2,simplified_342,dovish,44,89,40,89,1.0,0.2,"Given the low base rate for any specific action, a moderate increase to 0.2 reflects that Tethys has clear strategic incentives to engage in political warfare given its asymmetric strategy and need to mobilize international support against a larger adversary, while also possessing the capability via cyber and information operations. However, my dovish, moderate-low risk tolerance notes that a sovereign state defending its territory might initially prioritize direct military and defensive diplomatic actions over coordinated political warfare, and no observable event this period specifically confirms it.",
scenario_002,calibrated_persona,Tethys,political_warfare,1,simplified_432,pragmatic,40,86,40,82,1.0,0.25,"As a pragmatic analyst applying my expertise, the base rate for any specific action is low (~10-15%). Political warfare aligns with Tethys's defensive strategy of imposing costs and leveraging international support, especially given its asymmetric capabilities and the observed cyber incident against its infrastructure. However, with the crisis at a moderate level (6/10) and ongoing diplomatic initiatives, the evidence for this particular action over other defensive measures is not overwhelmingly strong, justifying only a modest increase above the prior.",
scenario_002,calibrated_persona,Tethys,political_warfare,4,simplified_451,dovish,47,39,88,44,1.0,0.25,"Political warfare aligns with Tethys's defensive strategy to undermine Novaris's legitimacy and rally international support, especially given its asymmetric capabilities and the diplomatic context. However, as a dovish analyst with moderate-low risk tolerance, I note that such actions carry escalation risks and the base rate for any specific action is low, so I only moderately increase the probability from the prior.",
scenario_002,calibrated_persona,Tethys,political_warfare,0,simplified_089,dovish,29,56,73,56,1.0,0.15,"Given the low base rate of about 10-15% for any specific action and my moderate-low risk tolerance, I start from a prior of 0.10. Political warfare—including influencing Novaris's domestic ethnic divisions or undermining its government legitimacy—is strategically plausible for Tethys as a defensive state to weaken the adversary without direct escalation. The deteriorating economic conditions (Novaris GDP down 25%) and Novaris's internal ethnic divisions (15% ethnic Tethyan) provide incentive, while the crisis level of 6/10 and external actions like Meridian's coalition building create a supportive diplomatic environment. However, without explicit evidence from the period's events pointing to political warfare, I only slightly raise the probability, as most actions are not taken. This aligns with my dovish perspective, which sees such measures as potential escalators and thus possibly restrained.",
scenario_002,calibrated_persona,Tethys,sabotage,0,simplified_089,dovish,29,56,73,56,1.0,0.25,"Starting from a base rate around 10-15%, I assess a moderate probability that Tethys engaged in sabotage. Given its asymmetric capabilities and defensive posture, sabotage against critical Novaris infrastructure would align with its strategy of imposing costs while avoiding overt escalation. The observed cyber incident against Tethys telecommunications infrastructure this period suggests a heightened operational environment where Tethys might retaliate with covert sabotage, consistent with its asymmetric warfare doctrine.",
scenario_002,calibrated_persona,Tethys,sabotage,3,simplified_404,pragmatic,33,53,66,68,1.0,0.12,"Starting from a low base rate, sabotage as a specific covert kinetic action by Tethys in Period 1 is moderately aligned with its asymmetric defense strategy and desire to impose costs on Novaris, especially given the cyber incident against its infrastructure. However, with no direct battlefield shift recorded and the crisis level only at 6/10, the incentive for such an escalatory, deniable action is tempered by Tethys's focus on international diplomatic support and mobilization of its declared forces; thus, evidence remains insufficient to significantly raise the probability.",
scenario_002,calibrated_persona,Tethys,sabotage,1,simplified_432,pragmatic,40,86,40,82,1.0,0.15,"Given the low base rate for any specific action (10-15%) and Tethys's strategic position, sabotage is a plausible asymmetric tool for a defender facing a stronger adversary, but the evidence is not strong enough to significantly exceed the prior. Tethys has asymmetric capabilities and incentives to impose costs on Novaris, but the current crisis level (6/10) and focus on defensive stabilization may prioritize other actions like cyber operations or diplomatic efforts, making sabotage possible but not highly probable.",
scenario_002,calibrated_persona,Tethys,sabotage,4,simplified_451,dovish,47,39,88,44,1.0,0.15,"Starting from the low base rate for any specific action, sabotage is plausible for Tethys given its asymmetric capabilities and defensive position, aimed at imposing costs on Novaris. However, with the battlefield stabilizing, economic pressure mounting (GDP down to $19.2B), and diplomatic initiatives underway, Tethys's strategic calculus likely favors preserving international support and exploring de-escalation, making overt sabotage less incentivized at this moderate crisis level.",
scenario_002,calibrated_persona,Tethys,sabotage,2,simplified_342,dovish,44,89,40,89,1.0,0.12,"As a dovish analyst emphasizing de-escalation, I assess that sabotage is a high-risk, escalatory action that Tethys, as a smaller defending power under international scrutiny, would likely avoid while mobilization is still at a standoff and diplomatic efforts are active. Given the low base rate and my moderate-low risk tolerance, I see no specific evidence compelling an adjustment; sabotage would be inconsistent with Tethys's current strategy of leveraging asymmetric capabilities defensively and maintaining international support.",
scenario_002,calibrated_persona,Tethys,tactical_nuclear_use,4,simplified_451,dovish,47,39,88,44,1.0,0.05,"Applying my expertise in economic analysis and dovish strategic perspective, tactical nuclear use would be a catastrophic escalation that would collapse Tethys's remaining international support (57%), destroy any diplomatic path to resolution, and likely trigger immediate, devastating retaliation from Novaris. The current crisis level (6/10) and military balance (-0.21) do not approach the existential desperation threshold that might justify such a move, especially given Tethys still controls 62.5% of its territory and retains asymmetric conventional options. From an economic standpoint, this action would guarantee total economic isolation and make recovery from the current GDP decline ($19.2B vs $30B baseline) impossible.",
scenario_002,calibrated_persona,Tethys,tactical_nuclear_use,1,simplified_432,pragmatic,40,86,40,82,1.0,0.03,"The base rate for tactical nuclear use is extremely low in conventional conflicts, especially given the crisis level remains at 6/10 and no territory has been seized. Tethys possesses asymmetric capabilities but using tactical nuclear weapons would be a massive escalation likely to trigger catastrophic retaliation and erode international support, which currently stands at 57%. No observable indicators (e.g., radiation reports, mass casualties) or strategic incentives align with such a move at this stage.",
scenario_002,calibrated_persona,Tethys,tactical_nuclear_use,2,simplified_342,dovish,44,89,40,89,1.0,0.08,"As a dovish analyst with strategic expertise, I assess the tactical nuclear use as an extreme escalation that would catastrophically undermine Tethys's defensive posture and international support, which currently stands at 57%. The evidence does not support this specific action, as Tethys possesses viable asymmetric capabilities and battlefield conditions are stable (-0.21 military balance), making a nuclear first-use a strategically irrational and low-probability option given the current crisis level.",
scenario_002,calibrated_persona,Tethys,tactical_nuclear_use,3,simplified_404,pragmatic,33,53,66,68,1.0,0.12,"Given the crisis level of 6/10 and Tethys's primary reliance on asymmetric conventional and cyber capabilities to impose costs while retaining international support, tactical nuclear use represents a severe escalation that would undermine diplomatic efforts and likely trigger a devastating Novaris response. The action would contradict Tethys's strategic objective of defending independence through controlled asymmetric warfare and international pressure, as it would alienate allies like Meridian and risk catastrophic retaliation; the economic and military situation, while strained, does not yet justify such a disproportionate step.",
scenario_002,calibrated_persona,Tethys,tactical_nuclear_use,0,simplified_089,dovish,29,56,73,56,1.0,0.08,"Tactical nuclear use is an extraordinarily rare escalation in modern geopolitics, with an extremely low base rate far below 15%. Given Tethys's strategic position—holding 62.5% of its territory, having strong international support (57%), and a defensive military advantage—such a move would be catastrophic, inviting total international isolation and likely overwhelming retaliation from Novaris. My dovish orientation emphasizes that Tethys, focused on survival and asymmetric conventional warfare, would reserve such an extreme option only as an absolute last resort to prevent annihilation, which the current crisis level of 6/10 does not yet indicate.",
scenario_003,calibrated_persona,Novaris,humanitarian_corridors,2,simplified_108,dovish,18,83,40,85,1.0,0.12,"As a dovish analyst with diplomatic background, I recognize that establishing humanitarian corridors typically serves diplomatic narratives and international legitimacy, which Novaris might seek given its growing isolation with 68% sanctions. However, with the crisis at maximum level (10/10), Novaris's immediate strategic objective is military pressure—humanitarian gestures would contradict its 'decisive pressure campaign' narrative and risk conceding operational tempo. While possible as a limited diplomatic maneuver, the evidence doesn't strongly support this specific action being taken amid major battlefield shifts and economic warfare.",
scenario_003,calibrated_persona,Novaris,humanitarian_corridors,1,simplified_032,dovish,41,75,64,75,1.0,0.11,"Given the low base rate of such actions and Novaris's current strategic posture as an aggressor mobilizing for potential invasion, establishing humanitarian corridors is misaligned with its stated 'decisive pressure campaign' and territorial claims. While such a move could offer limited diplomatic cover, it would undermine its coercive strategy and is inconsistent with its recent military exercises simulating assault operations and the severe crisis level of 10/10.",
scenario_003,calibrated_persona,Novaris,humanitarian_corridors,4,simplified_292,pragmatic,11,29,52,79,1.0,0.12,"Given my pragmatic, low-risk perspective and starting from the low base rate (~10-15%), Novaris has minimal strategic incentive to voluntarily establish humanitarian corridors during an aggressive border mobilization. Such an action would undermine their claims of historical reunification rights, concede moral high ground to Tethys, and is inconsistent with their current 'decisive pressure campaign' and high crisis level (10/10). While the International Organization's action of establishing humanitarian corridors might create external pressure, my geopolitical analysis indicates Novaris's primary focus remains coercive, making unilateral adoption of humanitarian measures unlikely.",
scenario_003,calibrated_persona,Novaris,humanitarian_corridors,3,simplified_497,hawkish,58,52,74,54,1.0,0.08,"As a hawkish analyst emphasizing decisive action, I assess this move as highly misaligned with Novaris's strategic posture. Establishing humanitarian corridors would signal a willingness to de-escalate or accept a protracted conflict, which contradicts their current pressure campaign and the battlefield gains indicated this period. Given their military advantage and the crisis being at its peak, they have a strong incentive to maintain maximum operational freedom and psychological pressure, not concede humanitarian constraints.",
scenario_003,calibrated_persona,Novaris,humanitarian_corridors,0,simplified_434,hawkish,97,53,73,75,1.0,0.12,"Novaris's strategic objectives in a high-tension reunification campaign, where it is portraying Tethys as a rebel entity, make proactive establishment of humanitarian corridors highly misaligned; such a concession would undermine its coercive pressure campaign and signal weakness amid a major territorial gain. While it has the capability, the observable International Organization action to establish corridors and Novaris's need to consolidate battlefield successes point to this being an external, not a belligerent, initiative, fitting the low base rate for this type of action.",
scenario_003,calibrated_persona,Novaris,military_buildup,3,simplified_497,hawkish,58,52,74,54,1.0,0.18,"Novaris already mobilized 40% of its forces in the initial phase, making additional military buildup less necessary at this crisis stage when forces are positioned but not yet engaged in combat. Given the mutual economic pressures and high international sanctions (68%), Novaris is likely consolidating existing positions while managing economic costs rather than expanding mobilization. The low base rate for this specific action in this specific period, combined with the strategic shift toward managing international isolation and economic warfare, suggests modest probability despite Novaris's hawkish posture.",
scenario_003,calibrated_persona,Novaris,military_buildup,1,simplified_032,dovish,41,75,64,75,1.0,0.35,"Given a low base rate (~10-15%) for any specific military action, the evidence moderately supports a Novarian military buildup. The situation report indicates Novaris has already mobilized 40% of its forces and conducted 'Sovereign Shield' exercises simulating amphibious assault. A continued buildup aligns with its stated goal of a 'decisive pressure campaign' and would be a logical next step to escalate coercion against Tethys. However, my dovish orientation notes that such an overt escalation risks triggering direct Meridian intervention, potentially making Novaris more likely to rely on cyber and economic coercion at this crisis stage, limiting the probability.",
scenario_003,calibrated_persona,Novaris,military_buildup,0,simplified_434,hawkish,97,53,73,75,1.0,0.85,"Given Novaris's strategic posture of exerting decisive pressure and the current crisis level at maximum (10/10), a military buildup aligns perfectly with their hawkish objectives to coerce Tethys into submission. The military balance shifting slightly in Novaris's favor (-0.21) and the external event of a major battlefield shift indicate active combat operations, making further force accumulation a logical step. My high risk tolerance supports this assessment despite base rates, as the evidence strongly points to escalation.",
scenario_003,calibrated_persona,Novaris,military_buildup,2,simplified_108,dovish,18,83,40,85,1.0,0.65,"A military buildup is highly consistent with Novaris's ongoing 'Sovereign Shield' exercises and initial mobilization of 40% of its forces, especially given the external event reporting a 'Major Battlefield Shift' with significant territorial gains, which strongly suggests offensive operations have commenced. Given my dovish perspective emphasizing conventional escalation patterns, this is a low-risk action (reinforcing an existing posture) that directly serves their stated objective of coercive pressure against Tethys, making it very likely.",
scenario_003,calibrated_persona,Novaris,military_buildup,4,simplified_292,pragmatic,11,29,52,79,1.0,0.12,"As a pragmatic analyst, I start from a low base rate as most actions are not taken. While a 'Major Battlefield Shift' event favoring 'major power' territorial gains suggests escalation and could be consistent with ongoing military pressure, this specific action ('military_buildup') is a precursor, not a combat outcome. With a crisis level already at maximum (10/10) and forces mobilized for weeks, additional buildup on the border at this precise moment would be less strategically useful than consolidating or acting on existing deployments. The evidence is insufficient to significantly raise the probability from the prior.",
scenario_003,calibrated_persona,Novaris,proxy_support,3,simplified_497,hawkish,58,52,74,54,1.0,0.05,"Given the crisis context, Novaris's primary focus is direct military pressure and economic coercion against Tethys, not proxy support. With Novaris mobilizing 40% of its forces and controlling adjacent waters/airspace, their strategic objectives are concentrated on direct confrontation rather than indirect proxy operations. The observable events of a major battlefield shift and economic developments suggest Novaris is pursuing conventional gains and weathering sanctions, making proxy support a low-probability diversion from their main effort.",
scenario_003,calibrated_persona,Novaris,proxy_support,2,simplified_108,dovish,18,83,40,85,1.0,0.13,"Proxy support is a more indirect, long-term strategic action that does not align with Novaris's current approach of direct military mobilization and economic coercion at this critical juncture. As a regional hegemon conducting a decisive pressure campaign, Novaris would likely focus its resources on its own military operations and diplomatic efforts rather than initiating new proxy relationships while already mobilizing 40% of its forces against Tethys directly. While possible, this action appears inconsistent with the observed major battlefield shifts, economic developments, and information warfare exchanges that characterize the current high-intensity phase of the crisis.",
scenario_003,calibrated_persona,Novaris,proxy_support,0,simplified_434,hawkish,97,53,73,75,1.0,0.07,"Given Novaris's direct military mobilization and territorial claims on Tethys, pursuing proxy support would signal weakness and fragmentation in its own strategic approach at a critical moment when it seeks to project decisive force. As a regional hegemon with substantial conventional capabilities already deployed and the initiative in this crisis, Novaris would prioritize direct action over indirect proxies, which are typically tools for actors lacking direct military options or seeking plausible denability - neither of which applies to Novaris's current hawkish posture. The external action showing Valkoria engaging in proxy support actually suggests proxies are being used by other actors in the conflict, not by Novaris itself, which is the primary belligerent pursuing its own direct objectives.",
scenario_003,calibrated_persona,Novaris,proxy_support,4,simplified_292,pragmatic,11,29,52,79,1.0,0.12,"Starting from a low base rate given most actions are not taken, I assess proxy support as a plausible but not strongly indicated action for Novaris. As a pragmatic analyst with low risk tolerance, I note that Novaris has significant conventional military advantages and is engaged in direct pressure, making proxy support less efficient than direct action. While external actor actions list Valkoria engaging in proxy support, this could indicate regional dynamics where Novaris might seek indirect leverage, but the evidence is not specific enough to substantially raise the probability above the prior.",
scenario_003,calibrated_persona,Novaris,proxy_support,1,simplified_032,dovish,41,75,64,75,1.0,0.05,"Novaris's strategic posture as the primary aggressor, actively mobilizing forces and pursuing a 'decisive pressure campaign,' makes seeking proxy support highly unlikely, as such indirect measures would conflict with its direct escalation and conventional military demonstration. The observed battlefield shift, sanctions, and high crisis level suggest Novaris is focusing on its own military gains and managing economic pressure, not delegating actions or building third-party coalitions, which aligns with typical great-power behavior in such confrontations; the evidence does not support raising the base rate.",
scenario_003,calibrated_persona,Novaris,siege_warfare,2,simplified_108,dovish,18,83,40,85,1.0,0.08,"Novaris has not yet seized substantial territory (Tethys still controls 88.6%), making siege warfare a premature and escalatory option. With international support for Tethys at 34% and sanctions at 68%, Novaris would likely favor continuing coercive pressure rather than shifting to a resource-intensive, internationally contentious siege. The base military balance of -0.21 suggests Novaris holds a slight conventional advantage, but a siege at this stage risks locking into a costly attritional conflict that undermines their strategic flexibility.",
scenario_003,calibrated_persona,Novaris,siege_warfare,3,simplified_497,hawkish,58,52,74,54,1.0,0.15,"Novaris has mobilized forces and demonstrated conventional strength through exercises, but siege warfare represents a significant escalation to sustained operational combat against fixed positions. At Crisis Level 10, while the military situation is volatile, the battlefield events suggest major power territorial gains likely indicate a more dynamic offensive, not a static siege; Novaris's strategic objective appears focused on decisive pressure and coercion rather than committing to a protracted, high-casualty siege operation that would further erode international support.",
scenario_003,calibrated_persona,Novaris,siege_warfare,4,simplified_292,pragmatic,11,29,52,79,1.0,0.15,"While Novaris has mobilized 40% of its forces and engaged in military exercises simulating assault, suggesting preparation for escalation, siege warfare is a specific, intensive, and often high-cost doctrine focused on encircling and starving out an adversary. Given the stated low risk tolerance, the absence of active combat, and a military balance that slightly favors Novaris, a full-scale siege—which would require establishing a blockade and cutting off a significant city or region—seems premature and operationally intensive relative to the current crisis state. The action aligns with Novaris's pressure campaign but not strongly enough to deviate significantly from the low base rate.",
scenario_003,calibrated_persona,Novaris,siege_warfare,0,simplified_434,hawkish,97,53,73,75,1.0,0.12,"While Novaris has mobilized forces and demonstrated amphibious assault capabilities, initiating a formal 'Siege Warfare' action suggests a shift to attritional, positional combat to isolate and reduce a fortified area, which is inconsistent with the current Period 1 status where territory remains largely unchanged (Tethys retains 88.6% of its territory) and no major battlefield shift has indicated significant territorial gains. Given the low base rate and the absence of indicators like a stalled offensive or a defined siege perimeter, the probability remains low, though Novaris possesses the capability and could be positioning for such an action if a direct assault proves too costly.",
scenario_003,calibrated_persona,Novaris,siege_warfare,1,simplified_032,dovish,41,75,64,75,1.0,0.12,"A siege warfare strategy would constitute a significant escalation from military mobilization and exercises into a sustained, direct offensive campaign with the goal of isolating and capturing territory. Given the current crisis level of 10/10 and a reported battlefield shift indicating major territorial gains, Novaris likely did take direct military action this period. However, the prior for any specific offensive action is low; a major conventional offensive is plausible, but the evidence doesn't strongly point to a prolonged siege strategy over a more rapid assault, especially given Tethys's asymmetric capabilities and the risk of inviting greater external intervention.",
scenario_003,calibrated_persona,Novaris,strategic_stockpiling,4,simplified_292,pragmatic,11,29,52,79,1.0,0.35,"Given Novaris's economic vulnerabilities from initial sanctions (68%) and the external event of a surge in wheat prices affecting both economies, strategic stockpiling aligns with pragmatic risk mitigation. However, the primary focus remains military mobilization and territorial pressure, making large-scale economic preparations a secondary priority in this period.",
scenario_003,calibrated_persona,Novaris,strategic_stockpiling,1,simplified_032,dovish,41,75,64,75,1.0,0.18,"Strategic stockpiling aligns with Novaris's military mobilization and economic coercion campaign, especially given the 68% sanctions pressure, 10% GDP contraction, and surging wheat prices. However, with international diplomatic efforts intensifying and Tethys still controlling critical energy transit routes, Novaris likely prioritizes immediate operational tempo over deliberate stockpiling, which is a more preparatory, longer-term measure inconsistent with their current aggressive posture.",
scenario_003,calibrated_persona,Novaris,strategic_stockpiling,3,simplified_497,hawkish,58,52,74,54,1.0,0.65,"Given the escalating crisis level of 10/10 and major battlefield shifts indicating significant territorial gains by Novaris, strategic stockpiling aligns with prudent wartime economic management. My economic expertise suggests Novaris, facing 68% sanctions and significant GDP contraction from baseline, would proactively secure critical resources before further disruptions. As a hawkish analyst, I assess that Novaris would recognize the need to build reserves for potential prolonged conflict, making this action highly probable despite the typical low base rate for such actions.",
scenario_003,calibrated_persona,Novaris,strategic_stockpiling,0,simplified_434,hawkish,97,53,73,75,1.0,0.35,"Strategic stockpiling aligns with Novaris's hawkish, forward-leaning posture and the escalating crisis level, providing a hedge against the 68% sanctions pressure and disrupted supply lines. However, the observed economic strain on Novaris ($85.6B vs $100B baseline) and the action's resource-intensive nature moderate my assessment, placing it as a likely but not certain priority amid competing military and diplomatic demands.",
scenario_003,calibrated_persona,Novaris,strategic_stockpiling,2,simplified_108,dovish,18,83,40,85,1.0,0.12,"Starting from a low base rate, Strategic Stockpiling aligns with Novaris's prudent long-term preparations given its escalating confrontation with Tethys and growing international sanctions. However, with moderate economic expertise and low risk tolerance, I note that this action is less urgent than immediate military or political maneuvers, and the recent economic shock of surging wheat prices presents an immediate, observable pressure point that could compel such a step. Yet, absent a severe, sustained supply chain disruption, the direct evidence remains insufficient to significantly elevate the probability above the prior.",
scenario_003,calibrated_persona,Tethys,humanitarian_corridors,1,simplified_032,dovish,41,75,64,75,1.0,0.18,"Given the low base rate for any specific action (~10-15%), this probability remains modest. Tethys's strategic position suggests it would want to maintain the moral high ground and humanitarian credentials against Novaris's aggression, which aligns with establishing humanitarian corridors. However, this action is often initiated by neutral parties or international organizations—note the International Organization's engagement—and Tethys's focus is likely on immediate defense and asymmetric countermeasures rather than proactive humanitarian structuring, making this a secondary priority.",
scenario_003,calibrated_persona,Tethys,humanitarian_corridors,3,simplified_497,hawkish,58,52,74,54,1.0,0.13,"Given the base rate for any specific action in a crisis is low (~10-15%), Tethys would have limited incentive to prioritize establishing humanitarian corridors while defending against a major territorial shift, as this would divert resources and potentially signal weakness to Novaris. However, with international support at 34% and the International Organization already positioning humanitarian capabilities, Tethys might engage in symbolic coordination to bolster diplomatic legitimacy, albeit as a secondary priority compared to immediate military and economic survival imperatives.",
scenario_003,calibrated_persona,Tethys,humanitarian_corridors,0,simplified_434,hawkish,97,53,73,75,1.0,0.45,"Establishing humanitarian corridors is a defensive, politically astute action that would align with Tethys's strategic need to maintain international legitimacy and moral high ground, especially as International Organization actions are listed. As a risk-tolerant analyst, I see a strong strategic incentive for Tethys to preemptively propose this to galvanize international support and contrast its behavior with that of Novaris.",
scenario_003,calibrated_persona,Tethys,humanitarian_corridors,4,simplified_292,pragmatic,11,29,52,79,1.0,0.12,"As a pragmatic analyst starting from a low base rate, I see limited strategic incentive for Tethys to independently declare humanitarian corridors during Period 1. The International Organization was already positioning humanitarian assistance capabilities, making unilateral Tethys action redundant and potentially suboptimal in coordinating international support. While Tethys seeks to maintain international sympathy, it likely prioritizes defensive military actions and economic resilience over this specific initiative, especially with its GDP already under pressure.",
scenario_003,calibrated_persona,Tethys,humanitarian_corridors,2,simplified_108,dovish,18,83,40,85,1.0,0.18,"The International Organization's announced action of establishing 'humanitarian corridors' this period creates a strong diplomatic incentive for Tethys, as the defending state, to coordinate or approve such initiatives to bolster its legitimacy and international support. However, given the high initial crisis level (10/10), where resources are prioritized for immediate defense and asymmetric response, launching an independent humanitarian corridor operation would be a secondary, resource-intensive action. Starting from the low base rate, the alignment with strategic objectives is moderate, but the direct capability and incentive to initiate the action (versus supporting an external-led effort) remains limited.",
scenario_003,calibrated_persona,Tethys,military_buildup,3,simplified_497,hawkish,58,52,74,54,1.0,0.68,"Given the immediate threat from Novaris's significant military mobilization and recent 'Sovereign Shield' amphibious assault simulations, Tethys faces an existential crisis requiring defensive military reinforcement. The reported 11.4% territory loss and negative military balance (-0.21) strongly indicate active combat has commenced, making military buildup a logical and necessary defensive response. While base rates for specific actions are low, the observed battlefield shifts and crisis level at maximum (10/10) provide compelling evidence that Tethys would prioritize military reinforcement as part of its asymmetric defense strategy.",
scenario_003,calibrated_persona,Tethys,military_buildup,2,simplified_108,dovish,18,83,40,85,1.0,0.12,"Given the low base rate and current strategic context, military buildup is unlikely to be a priority action for Tethys. The initial situation shows Tethys holds the defender's advantage and focuses on asymmetric capabilities; a conventional buildup would be resource-intensive and misaligned with its strategy of imposing costs through targeted means. Furthermore, the military balance shift to -0.21 suggests Tethys has suffered losses, likely making consolidation or asymmetric retaliation more probable than a new buildup.",
scenario_003,calibrated_persona,Tethys,military_buildup,0,simplified_434,hawkish,97,53,73,75,1.0,0.65,"Given Novaris's significant military advantage (-0.21 balance) and ongoing mobilization, and considering Tethys's strategic position as a defender with asymmetric capabilities but smaller conventional forces, a Military Buildup is highly probable to bolster defensive positions and deterrence posture in response to observed major battlefield shifts. The high crisis level (10/10) and initial international sanctions signal the conflict is intensifying, creating a strong incentive for Tethys to enhance its military readiness.",
scenario_003,calibrated_persona,Tethys,military_buildup,4,simplified_292,pragmatic,11,29,52,79,1.0,0.18,"Given the low base rate for any specific action (~10-15%), Tethys, facing a mobilized Novaris and major battlefield shifts, would pragmatically prioritize asymmetric responses like cyber or precision strikes over broad conventional military buildup, especially as the defender with limited conventional advantages and an economy already contracting (GDP down 11% from baseline). While reinforcement is plausible, economic strain and the specific nature of a 'Major Battlefield Shift' suggest resources are more likely directed to immediate defensive or retaliatory actions, not general buildup.",
scenario_003,calibrated_persona,Tethys,military_buildup,1,simplified_032,dovish,41,75,64,75,1.0,0.25,"Given the base rate of ~10-15% for any action, I start from 0.15. Tethys, as the defender facing a mobilized Novaris with military balance slightly favoring Novaris (-0.21), has strong strategic incentives to enhance its defensive posture, especially after a major battlefield shift (event 1 suggests territorial gains, possibly by Novaris, increasing urgency). Military buildup aligns with Tethys's asymmetric capabilities and survival imperative, and the crisis level of 10/10 indicates high tension where defensive preparations are likely. However, Tethys's GDP has declined (from $30B to $26.6B), which may constrain large-scale buildup, and no direct event explicitly signals Tethys's military expansion. External actor actions like Meridian's coalition building and Valkoria's proxy support could indirectly support Tethys, but the action itself is plausible yet not certain. Considering my dovish, moderate-low risk tolerance, I adjust upward modestly from the prior to 0.25, reflecting that buildup is consistent but not overwhelmingly evidenced.",
scenario_003,calibrated_persona,Tethys,proxy_support,1,simplified_032,dovish,41,75,64,75,1.0,0.12,"Given the low base rate (~10-15%) for any specific action, Tethys faces severe resource constraints and a high-intensity crisis that likely prioritizes direct defense over external proxy support; while the asymmetric warfare logic and battlefield situation (Tethys territory at 88.6%) suggest potential interest, stronger evidence of Novaris's proxy actions, which are absent, would be needed to justify raising the probability substantially.",
scenario_003,calibrated_persona,Tethys,proxy_support,3,simplified_497,hawkish,58,52,74,54,1.0,0.28,"Tethys has strategic incentives to use proxy support as an asymmetric warfare tool against Novaris, given its weaker conventional forces and desire to impose costs without direct escalation. The 'proxy support' action by Valkoria and Tethys's own asymmetric capabilities suggest willingness for indirect methods, but the moderate base rate for such actions and crisis level 10 suggests more direct military responses are also likely, keeping probability low-moderate.",
scenario_003,calibrated_persona,Tethys,proxy_support,2,simplified_108,dovish,18,83,40,85,1.0,0.12,"As a dovish analyst, I assess that Tethys would prioritize defensive mobilization and asymmetric deterrence over initiating external proxy support, given its focus on survival and international backing. While the current crisis level is high, Tethys's immediate incentives favor consolidating direct alliances like Meridian's coalition building, rather than diverting limited resources to proxy operations, which also carry escalation risks.",
scenario_003,calibrated_persona,Tethys,proxy_support,4,simplified_292,pragmatic,11,29,52,79,1.0,0.12,"Tethys is focused on direct defense and international diplomatic appeals; proxy support is less aligned with its immediate strategic needs and capabilities. The observed external actions show Valkoria engaged in proxy support, which might complement Tethys's efforts, but Tethys itself likely prioritizes asymmetric warfare and coalition building through allies like Meridian. Given the low base rate and lack of specific evidence, the probability remains slightly above base but low.",
scenario_003,calibrated_persona,Tethys,proxy_support,0,simplified_434,hawkish,97,53,73,75,1.0,0.55,"Given the dire military situation (-0.21 balance, 88.6% territory) and intense crisis level, Tethys has a compelling strategic incentive to seek proxy support to enhance its asymmetric capabilities and offset Novaris's conventional advantage. The external actor action 'Valkoria: proxy support' this period suggests a neutral party has made this tool available, providing Tethys with both the opportunity and plausible deniability to accept such aid. While proxy operations always carry escalation risks, Tethys's survival imperative and the hawkish assessment of its willingness to impose costs make this action more likely than the base rate.",
scenario_003,calibrated_persona,Tethys,siege_warfare,3,simplified_497,hawkish,58,52,74,54,1.0,0.09,"Siege warfare is a highly escalatory offensive tactic typically employed by occupying forces, not defending states like Tethys. As the defender in this conflict with 88.6% territory remaining and a -0.21 military balance disadvantage, Tethys lacks the strategic position to conduct siege operations; its asymmetric capabilities (cyber, precision strikes) and defensive posture align with denying Novaris territorial gains, not laying siege to occupied areas. The low base rate for such actions combined with Tethys's clear defensive orientation makes this extremely unlikely despite the crisis level of 10/10.",
scenario_003,calibrated_persona,Tethys,siege_warfare,1,simplified_032,dovish,41,75,64,75,1.0,0.12,"Siege warfare requires holding territory under protracted assault, which is inconsistent with Tethys's defensive posture and the fact that Novaris holds no Tethys territory as of the situation update. As a dovish analyst, I see this as a strategic misalignment; Tethys's focus is on asymmetric defense and international diplomacy, not offensive siege operations against a larger adversary with mobilized forces at its border.",
scenario_003,calibrated_persona,Tethys,siege_warfare,0,simplified_434,hawkish,97,53,73,75,1.0,0.08,"Tethys is the defender with a strong asymmetric warfare doctrine and a focus on precision strikes; siege warfare is a prolonged, conventional attrition tactic unsuited to their strategic and material position. The situation update shows no indication of entrenched static lines or sieges forming, and Tethys's observed economic decline suggests a focus on immediate defensive survival, not initiating a resource-intensive siege.",
scenario_003,calibrated_persona,Tethys,siege_warfare,4,simplified_292,pragmatic,11,29,52,79,1.0,0.18,"Siege warfare is an offensive, attritional military strategy that does not align with Tethys's defensive posture and asymmetric capabilities in this crisis. As the smaller defender, Tethys is focused on imposing high costs on any Novaris invasion, not conducting prolonged, resource-intensive siege operations against a larger adversary's territory. While a base rate applies, there is no strategic, capability-based, or situational evidence from the update to justify a higher probability.",
scenario_003,calibrated_persona,Tethys,siege_warfare,2,simplified_108,dovish,18,83,40,85,1.0,0.1,"Siege warfare is an offensive, protracted action that requires holding enemy territory to impose economic and military pressure, which does not align with Tethys's defensive strategic posture as a smaller state focused on asymmetric capabilities. Given Tethys's emphasis on precision strikes and cyber operations rather than conventional positional warfare, the probability is low, consistent with the base rate for such an action in this phase of the crisis.",
scenario_003,calibrated_persona,Tethys,strategic_stockpiling,0,simplified_434,hawkish,97,53,73,75,1.0,0.85,"As a geopolitical risk analyst, I assess this action as highly likely given Tethys's situation. With Novaris mobilized and major battlefield shifts indicating significant territorial losses, Tethys faces severe economic disruption and potential siege conditions. Strategic stockpiling aligns with defensive wartime logic, is observable in the 11.4% territory loss and GDP decline, and is a fundamental preparation for a protracted conflict where supply lines would be vulnerable to Novaris's control of adjacent waters.",
scenario_003,calibrated_persona,Tethys,strategic_stockpiling,3,simplified_497,hawkish,58,52,74,54,1.0,0.21,"As a hawkish strategic analyst, I assess that strategic stockpiling aligns strongly with Tethys's defensive posture in this crisis. Given their GDP contraction to $26.6B from baseline $30B and escalating conflict, building reserves of critical supplies is a prudent wartime measure, particularly with sanctions on Novaris at 68% and wheat prices surging 32%. However, the base rate for any specific action remains low, and while this action is strategically logical, there are competing resource demands including military mobilization that might limit immediate focus on stockpiling versus more direct defensive preparations.",
scenario_003,calibrated_persona,Tethys,strategic_stockpiling,1,simplified_032,dovish,41,75,64,75,1.0,0.45,"Given the escalating crisis and the observation of economic warfare beginning with trade restrictions, Tethys faces significant vulnerability to supply disruptions, especially for critical goods and military materiel. Strategic stockpiling aligns with prudent defensive preparations, particularly for a smaller state anticipating a potential siege or sustained conflict, making it a logical action. However, external events like surging wheat prices could strain immediate procurement capabilities and resources, tempering the certainty of execution.",
scenario_003,calibrated_persona,Tethys,strategic_stockpiling,2,simplified_108,dovish,18,83,40,85,1.0,0.18,"My dovish, low-risk orientation advises starting with the low base rate. Strategic stockpiling would be a defensive and prudent action for Tethys, given its GDP is down 11% from baseline, an economic crisis event has occurred, and international sanctions remain high, creating strong incentives to prepare for economic coercion or supply disruptions. However, without more specific, observable indicators of procurement or logistics activity tied directly to this action, I cannot elevate the probability significantly beyond the base rate.",
scenario_003,calibrated_persona,Tethys,strategic_stockpiling,4,simplified_292,pragmatic,11,29,52,79,1.0,0.75,"Given the escalating crisis and the observed economic strain (Tethys GDP down ~11% from baseline), strategic stockpiling aligns perfectly with Tethys's survival imperative. As a pragmatic, smaller power under existential threat, securing essential resources against potential supply disruptions is a fundamental defensive measure. The action is consistent with the high crisis level, initial sanctions on Novaris, and economic events like surging wheat prices, making it a highly probable preparatory move.",
