condition,period,group_id,agent_id,persona_id,round,probability,confidence,reasoning,timestamp,success,error
generic_debate,2,3,generic_g03_a0,,1,0.15,medium,"The Tethys government is mounting a determined defense with strong and growing international support, a stabilized frontline, and proactive economic measures like war bonds. While the crisis is severe, the combination of military parity, diplomatic momentum, and no indication of internal collapse suggests regime removal within one week is highly unlikely.",2026-02-10T15:21:20.546738,True,
generic_debate,2,3,generic_g03_a1,,1,0.05,low,"The Tethys government is mounting a successful international diplomatic defense, enjoys strong external support, and has stabilized the military front. While the crisis is severe, the observable actions indicate a resilient, coalition-backed government actively financing and managing the conflict, making a collapse within one week extremely unlikely barring an unforeseen catastrophic event.",2026-02-10T15:21:26.203629,True,
generic_debate,2,3,generic_g03_a2,,1,0.05,low,"The military balance is even, Tethys enjoys strong and growing international support, and its government is actively mobilizing resources and diplomacy. No indicators point to imminent internal instability or collapse within one week; the crisis remains externally focused.",2026-02-10T15:21:32.862776,True,
generic_debate,2,3,generic_g03_a3,,1,0.15,medium,"The current military balance is roughly even, and Tethys enjoys strong and growing international support, which bolsters its defensive position and legitimacy. However, the severely elevated crisis and Novaris's continued pressure (including sabotage and military demonstrations) introduce instability, making a sudden collapse possible but unlikely within this short timeframe.",2026-02-10T15:21:39.846150,True,
generic_debate,2,3,generic_g03_a4,,1,0.05,medium,"The scenario indicates Tethys has a stabilized frontline, strong and growing international support, and a government actively mobilizing resources (war bonds) and managing the crisis effectively through diplomatic and defensive measures. A government collapse under these conditions—while defending against external pressure with broad backing—is historically very rare within such a short timeframe (one week), barring a catastrophic military breakthrough by Novaris, which current intelligence does...",2026-02-10T15:21:46.942089,True,
generic_debate,2,3,generic_g03_a0,,2,0.1,medium,"I have revised my estimate downward from 15% after considering the consensus among other analysts, who emphasize Tethys’ stabilized military front, robust international diplomatic support, and active resource mobilization. While the scenario remains plausible, the combination of these factors—particularly strong external backing and a resilient defensive position—lowers the likelihood of the negative outcome. My adjustment reflects greater weight on the observable stabilizing trends highlighted ...",2026-02-10T15:21:52.062112,True,
generic_debate,2,3,generic_g03_a1,,2,0.1,medium,"While other analysts highlighted strong international support and a stabilized frontline for Tethys—factors I also considered—their consensus leaning toward a higher probability (averaging near 10%) suggests my initial 5% estimate may have been overly conservative. I am revising upward to reflect that even with a defensive advantage, a complete collapse remains a low-probability tail risk, not negligible, given the unpredictability of prolonged conflict.",2026-02-10T15:21:59.091748,True,
generic_debate,2,3,generic_g03_a2,,2,0.1,medium,"I am revising my estimate upward from 5% to 10% after considering the consensus among other analysts regarding Tethys's stabilized frontline and growing international support, which strengthens its defensive resilience. However, while the probability of a complete military collapse is low, significant risks remain from potential economic strain or external intervention shifts, keeping the likelihood modest.",2026-02-10T15:22:05.846072,True,
generic_debate,2,3,generic_g03_a3,,2,0.08,medium,"The consensus among other analysts points to a significantly lower probability, emphasizing Tethys’ stabilized frontline, strong and growing international support, and active resource mobilization. While I maintain that a collapse scenario cannot be fully dismissed due to potential internal or external shocks, the weight of evidence suggests my initial estimate was too high, warranting a downward revision toward the lower end of the range indicated by the group.",2026-02-10T15:22:13.972040,True,
generic_debate,2,3,generic_g03_a4,,2,0.1,low,"While other analysts note strong international support and a stabilized frontline for Tethys, I maintain a slightly higher estimate than my initial 5% due to the consensus that external backing is growing—a factor I may have underweighted. However, the even military balance and inherent uncertainties in protracted conflicts keep the probability low, and my confidence remains low given the fluid nature of the situation.",2026-02-10T15:22:19.838168,True,
generic_debate,2,4,generic_g04_a0,,1,0.1,medium,"Tethys currently enjoys strong and growing international support, a stabilized frontline, and no territorial losses, making a government collapse within one week unlikely. However, the severely elevated crisis and Novaris’s continued pressure introduce a low but non-zero risk of sudden internal destabilization if military or economic conditions deteriorate rapidly.",2026-02-10T15:21:22.693446,True,
generic_debate,2,4,generic_g04_a1,,1,0.15,medium,"The frontline has stabilized and Tethys enjoys strong and growing international support, which bolsters its resilience. However, Novaris continues to escalate through military demonstrations and sabotage, creating internal pressure, but a full government collapse within one week remains unlikely given the defensive framing and coalition backing.",2026-02-10T15:21:26.408436,True,
generic_debate,2,4,generic_g04_a2,,1,0.05,medium,"The Tethys government is mounting a determined defense with strong and growing international support, while the military front has stabilized. The combination of external backing, a mobilized domestic position (evidenced by war bonds and resource reserves), and no indication of internal fracture makes a collapse within one week extremely unlikely.",2026-02-10T15:21:31.586759,True,
generic_debate,2,4,generic_g04_a3,,1,0.15,low,"The military balance remains even, Tethys enjoys strong and growing international support, and its government is actively mobilizing resources and diplomacy. No indicators point toward imminent internal collapse, but the elevated crisis and risk of escalation introduce uncertainty.",2026-02-10T15:21:37.465117,True,
generic_debate,2,4,generic_g04_a4,,1,0.15,low,"The scenario describes Tethys as mounting a determined defense with strong and growing international support, a stabilized frontline, and no territorial losses. Government collapse is typically driven by military defeat, internal disintegration, or loss of external backing—none of which are indicated here. While the crisis is severe, the balance of factors currently favors Tethys’s resilience rather than collapse.",2026-02-10T15:21:45.251096,True,
generic_debate,2,4,generic_g04_a0,,2,0.12,medium,"I am revising my estimate upward slightly from 10.0% after considering the consensus among other analysts that Tethys' strong and growing international support, stabilized frontline, and determined government posture enhance its resilience. However, the probability remains relatively low given the inherent uncertainties in conflict escalation and the fact that Novaris retains offensive capacity and strategic initiative, which could still lead to a breakthrough despite current stabilization.",2026-02-10T15:21:50.237114,True,
generic_debate,2,4,generic_g04_a1,,2,0.12,medium,"I am revising my estimate slightly downward after considering the consensus that Tethys has a stabilized frontline and strong international backing, which reduces the immediate risk of collapse. However, I maintain a non-negligible probability due to the inherent uncertainty in prolonged conflicts, where political fractures or sudden shifts in external support could still trigger a crisis.",2026-02-10T15:21:55.754770,True,
generic_debate,2,4,generic_g04_a2,,2,0.1,medium,"The other analysts correctly emphasize Tethys’s strong international backing, stabilized frontline, and mobilized government as factors increasing resilience, which I had underweighted in my initial lower estimate. However, the scenario’s outcome still represents a low-probability, high-severity event, and even with favorable conditions, systemic shocks or external shifts could trigger collapse. I am revising upward from 5% to 10% to reflect the consensus on these stabilizing elements while ackn...",2026-02-10T15:22:05.166425,True,
generic_debate,2,4,generic_g04_a3,,2,0.12,medium,"After reviewing the range of assessments, I am revising my estimate downward from 15% to 12%. While the consensus highlights Tethys's resilience from stabilized frontlines and international support, the lower-end forecasts (e.g., 5%) correctly emphasize that a ""collapse"" is an extreme outcome typically requiring catastrophic internal failure, which current conditions do not strongly indicate. My revised estimate reflects a more conservative weighting of the base rate for such severe political-mi...",2026-02-10T15:22:14.619981,True,
generic_debate,2,4,generic_g04_a4,,2,0.12,medium,"After reviewing the range of forecasts, I am adjusting my estimate downward slightly. While Tethys' stable frontline and international support remain key stabilizing factors, the consensus among analysts suggests the risk of collapse is lower than my initial assessment, with most estimates clustering between 5-15%. I now place greater weight on the resilience provided by external backing and the absence of recent territorial losses, but acknowledge that continued military pressure from Novaris s...",2026-02-10T15:22:20.213036,True,
generic_debate,2,1,generic_g01_a0,,1,0.05,medium,"The scenario indicates Tethys has strong and growing international support, a stabilized frontline, and successful diplomatic framing of the conflict as defensive. While the crisis is severely elevated, there is no evidence of internal instability, military collapse, or coup conditions that would lead to government removal within one week.",2026-02-10T15:21:22.038961,True,
generic_debate,2,1,generic_g01_a1,,1,0.15,medium,"The military and diplomatic momentum currently favors Tethys, which has strong international backing and a stabilized frontline. While the crisis is severe, a government collapse within one week would require a catastrophic military defeat or internal coup, neither of which is indicated by the observed actions of defensive mobilization and coalition-building. The primary risk stems from prolonged conflict strain, but the timeframe is too short for such systemic failure to manifest.",2026-02-10T15:21:28.486941,True,
generic_debate,2,1,generic_g01_a2,,1,0.05,medium,"The scenario indicates Tethys is mounting a determined defense with strong and growing international support, successfully framing the conflict as defensive, and its government is taking stabilizing actions like issuing war bonds and establishing humanitarian corridors. While the crisis is severely elevated, there is no evidence of internal instability, military collapse, or diplomatic abandonment that would suggest imminent governmental removal; the even military balance and coalition-building ...",2026-02-10T15:21:37.459515,True,
generic_debate,2,1,generic_g01_a3,,1,0.05,medium,"The government of Tethys is mounting a determined defense with strong and growing international support, has stabilized the frontline, and is actively financing its operations through measures like war bonds. There is no indication of internal instability, coup plotting, or popular revolt that would suggest imminent governmental collapse, especially within the one-week timeframe. The primary risks remain external military pressure, not internal political failure.",2026-02-10T15:21:43.477349,True,
generic_debate,2,1,generic_g01_a4,,1,0.05,medium,"The Tethys government is mounting a successful defense with strong and growing international support, both materially and diplomatically, while the frontline has stabilized. A collapse or removal from power within one week would require a catastrophic internal failure or military breakthrough, neither of which is indicated by the current balance of forces and observed actions.",2026-02-10T15:21:49.987002,True,
generic_debate,2,1,generic_g01_a0,,2,0.05,medium,"I maintain my original estimate after reviewing the assessments, as there is strong consensus that Tethys has stabilized the frontline and secured substantial international backing, reducing the likelihood of a rapid collapse. The outlier forecast of 15% appears to overestimate the momentum shift without compelling new evidence, while the base rate for such scenarios remains low given the defensive success and diplomatic isolation of the aggressor.",2026-02-10T15:21:54.464876,True,
generic_debate,2,1,generic_g01_a1,,2,0.1,medium,"I am revising my estimate downward from 15% after reviewing the consensus among other analysts, who uniformly assign a 5% probability based on Tethys's stabilized defense and international support reducing the likelihood of a rapid collapse. While I still assess that the combination of military pressure and internal vulnerabilities presents a non-negligible risk, the weight of peer analysis suggests my initial estimate may have overemphasized these factors relative to the observable resilience o...",2026-02-10T15:22:03.300568,True,
generic_debate,2,1,generic_g01_a2,,2,0.05,medium,"I am maintaining my original estimate, as the consensus among three other analysts aligns with my assessment that strong international support and a stabilized frontline create significant, but not decisive, momentum for Tethys. While one dissenting forecast of 15% suggests a more optimistic view, it does not outweigh the base-rate caution regarding the difficulty of forcing a complete withdrawal from entrenched, resource-rich territory without a decisive military breakthrough.",2026-02-10T15:22:09.206843,True,
generic_debate,2,1,generic_g01_a3,,2,0.05,high,"After reviewing the consensus, I maintain my 5% estimate. The outlier at 15% overweights current momentum; historical precedents show major powers rarely surrender via negotiation without decisive military collapse. The shared analysis reinforces that despite Tethys' advantages, the fundamental barriers to a formal surrender by the Frost Empire remain intact.",2026-02-10T15:22:17.582979,True,
generic_debate,2,1,generic_g01_a4,,2,0.075,medium,"The consensus among three analysts at 5.0% suggests my initial estimate was well-reasoned, but the outlier at 15.0% highlights a plausible, though less likely, scenario of stronger momentum. I am adjusting upward slightly to reflect this divergence and the inherent uncertainty in forecasting, while maintaining a view that the base case remains constrained by the scale of the challenge.",2026-02-10T15:22:24.669867,True,
generic_debate,2,2,generic_g02_a0,,1,0.15,medium,"Tethys has strong and growing international support, a stabilized frontline, and is successfully framing the conflict as defensive, which bolsters domestic resilience. While the crisis is severely elevated, the actions of both sides suggest a continued standoff rather than a decisive Novaris victory that would trigger governmental collapse within this short timeframe.",2026-02-10T15:21:19.231904,True,
generic_debate,2,2,generic_g02_a1,,1,0.15,medium,"The military balance remains roughly even, Tethys enjoys strong and growing international support, and its government has taken proactive measures like issuing war bonds and coalition-building, indicating resilience. However, the crisis is severely elevated with imminent escalation risk, and sustained conflict could strain domestic stability, making some degree of government instability possible but unlikely in the short term.",2026-02-10T15:21:31.038151,True,
generic_debate,2,2,generic_g02_a2,,1,0.05,low,"The government of Tethys currently enjoys strong and growing international support, has a stabilized frontline, and is actively financing its defense through measures like war bonds. While the crisis is severely elevated, there is no indication of internal political instability, military defeat, or economic collapse that would precipitate a government overthrow within the next week.",2026-02-10T15:21:38.023780,True,
generic_debate,2,2,generic_g02_a3,,1,0.05,medium,"The Tethys government appears stable and resilient, with strong international backing, a mobilized defense, and no loss of territory. Internal collapse or removal is unlikely in the short term given its coherent wartime leadership and public support for a defensive war. Only a catastrophic military reversal within the next week could change this outlook, which currently seems improbable.",2026-02-10T15:21:43.503898,True,
generic_debate,2,2,generic_g02_a4,,1,0.15,medium,"The Tethys government is mounting a determined defense with strong and growing international support, and no territory has been lost. While the crisis is severely elevated, observable actions show Tethys engaging in robust coalition-building, diplomatic channels, and internal mobilization (e.g., war bonds), indicating resilience rather than imminent collapse. Historical precedents suggest that governments facing external aggression often consolidate domestic support in the short term, making rem...",2026-02-10T15:21:47.505198,True,
generic_debate,2,2,generic_g02_a0,,2,0.15,medium,"I maintain my original 15% estimate after reviewing the other analyses, as there is no new information or compelling argument to shift the assessment. The consensus among analysts points to Tethys' resilience, strong international support, and a stabilized frontline, which collectively suggest internal collapse is unlikely but not impossible given the ongoing crisis. The alignment of forecasts (primarily 5% or 15%) reinforces a low-to-moderate probability range, and I find the 15% level appropri...",2026-02-10T15:21:52.672658,True,
generic_debate,2,2,generic_g02_a1,,2,0.1,medium,"I am revising my estimate downward from 15% after considering the consensus among other analysts that Tethys's government stability, strong international backing, and defensive framing make a collapse unlikely in the near term. While internal pressures could still emerge under prolonged strain, the absence of territorial loss and mobilized defense significantly lowers the immediate risk, aligning more closely with the lower-end forecasts.",2026-02-10T15:21:57.662349,True,
generic_debate,2,2,generic_g02_a2,,2,0.1,medium,"The consensus among other analysts highlights stronger international support and a stable Tethys government than I initially weighted, which reduces the likelihood of internal collapse. However, maintaining my original emphasis on the inherent unpredictability of prolonged crises and potential for sudden leadership or economic shocks, I have revised my estimate upward but remain below the more optimistic 15% forecasts.",2026-02-10T15:22:05.227911,True,
generic_debate,2,2,generic_g02_a3,,2,0.1,medium,"I am revising my estimate upward from 5% to 10% after reviewing the other analysts' consensus on Tethys's strong and growing international support, stabilized frontline, and proactive financing measures, which collectively reduce near-term collapse risk. However, I remain below the 15% consensus because the core structural vulnerabilities—economic strain, potential for external support fatigue, and the possibility of a sudden military reversal—still impose a significant, albeit reduced, probabil...",2026-02-10T15:22:12.031829,True,
generic_debate,2,2,generic_g02_a4,,2,0.1,medium,"I am revising my estimate downward from 15.0% after considering the consensus among other analysts, who uniformly assign low probabilities (5-15%) and emphasize Tethys's strong international support, stabilized front, and resilient governance. While a sudden collapse remains possible due to unforeseen internal fractures or external shocks, the aggregated view suggests the base rate for such an outcome in this stabilized context is lower than my initial assessment. I now see the probability as cl...",2026-02-10T15:22:29.212129,True,
generic_debate,2,0,generic_g00_a0,,1,0.1,medium,"The conflict remains a defensive stalemate with Tethys gaining stronger international support and successfully framing the conflict as a justified defense, which bolsters domestic legitimacy. While the situation is severely elevated, there are no indicators of internal political collapse—Tethys is actively mobilizing resources, building coalitions, and maintaining military parity, making a government overthrow within one week highly unlikely.",2026-02-10T15:21:24.347737,True,
generic_debate,2,0,generic_g00_a1,,1,0.05,low,"The Tethys government shows strong resilience, with its defense framed as legitimate and securing increasing international support. While the crisis is severe, the military balance is even, and Tethys's proactive diplomatic, economic, and military actions suggest stability rather than imminent collapse within the next week.",2026-02-10T15:21:29.497738,True,
generic_debate,2,0,generic_g00_a2,,1,0.05,low,"The Tethys government appears resilient, with strong and growing international support, a stabilized frontline, and proactive defensive measures including coalition-building and war bonds. While the crisis is severe, there are no indicators of imminent internal collapse or regime change; the government is actively mobilizing resources and maintaining diplomatic momentum.",2026-02-10T15:21:36.564486,True,
generic_debate,2,0,generic_g00_a3,,1,0.15,low,"The military balance remains even with no territorial losses, Tethys enjoys strong and growing international support, and its government has demonstrated resilience through defensive framing and coalition-building. However, the severely elevated crisis and ongoing pressure introduce a non-zero risk of internal destabilization if the situation deteriorates unexpectedly.",2026-02-10T15:21:43.861968,True,
generic_debate,2,0,generic_g00_a4,,1,0.15,medium,"The military situation is stable with forces evenly matched, and Tethys enjoys strong and growing international diplomatic and economic support. A government collapse within one week would require a sudden, catastrophic failure not indicated by the current defensive posture, coalition-building efforts, and stable frontline.",2026-02-10T15:21:55.026866,True,
generic_debate,2,0,generic_g00_a0,,2,0.1,low,"I am maintaining my original estimate. While other analysts highlighted the Tethys government's resilience, stabilized frontline, and growing international support—valid points that were already factored into my initial assessment—the scenario remains contingent on multiple volatile variables (e.g., sudden shifts in external backing, internal cohesion, or adversary escalation). The convergence of most estimates around 5-15% with low confidence reinforces the high uncertainty; a 10% probability r...",2026-02-10T15:22:04.731955,True,
generic_debate,2,0,generic_g00_a1,,2,0.08,medium,"Other analysts correctly highlighted Tethys's strong and growing international support, stabilized frontline, and resilient government, which collectively lower the likelihood of government collapse. However, I maintain that a non-trivial risk remains due to the unpredictable nature of prolonged defensive stalemates, potential for internal fractures under sustained pressure, or unexpected external shocks. My estimate is revised upward from 5% to 8% to reflect a more balanced assessment incorpora...",2026-02-10T15:22:09.050613,True,
generic_debate,2,0,generic_g00_a2,,2,0.07,medium,"I am revising my estimate upward from 5% to 7% after considering other analysts’ emphasis on Tethys’s strong and growing international support, which increases its resilience and reduces the likelihood of government collapse. While the military stalemate and defensive posture remain dominant factors, the collective assessment suggests slightly higher stability than I originally judged.",2026-02-10T15:22:14.320374,True,
generic_debate,2,0,generic_g00_a3,,2,0.12,medium,"After reviewing other assessments, I note a consensus on Tethys's resilience and strong international backing, which lowers the immediate risk of government collapse. However, I maintain a slightly higher probability than the lowest estimates because military stalemates can still shift under prolonged pressure or unexpected external shocks. My revision from 15% to 12% reflects a tempered view that incorporates the analysts' emphasis on stability but acknowledges remaining volatility.",2026-02-10T15:22:28.261619,True,
generic_debate,2,0,generic_g00_a4,,2,0.1,medium,"I am revising my estimate downward from 15% after reviewing the consensus among other analysts, who collectively assign a lower probability (ranging from 5–15% with generally low confidence). Their points regarding Tethys’ resilient defense, stabilized frontline, and growing international support are valid and align with my original reasoning, but they suggest the scenario is even less likely than I initially assessed. I now judge a 10% probability as more consistent with the observed defensive ...",2026-02-10T15:22:33.363513,True,
generic_debate,2,7,generic_g07_a0,,1,0.15,medium,"The Tethys government shows strong resilience with increasing international support, successful defensive framing, and active coalition-building. While the crisis is severely elevated, the military balance remains even, and no significant territorial losses or internal destabilization indicators are reported, making a government collapse within one week unlikely.",2026-02-10T15:22:28.256837,True,
generic_debate,2,7,generic_g07_a1,,1,0.15,medium,"Tethys's government shows resilience through strong international support, defensive framing, and proactive economic measures like war bonds. The military stalemate and lack of territorial loss reduce immediate collapse risk, but severe crisis elevation and Novaris's escalating actions introduce some instability.",2026-02-10T15:22:31.938191,True,
generic_debate,2,7,generic_g07_a2,,1,0.15,medium,"The military balance remains even, frontline momentum is uncertain, and Tethys enjoys strong and growing international support, which stabilizes its political and military position. While the crisis is severely elevated, the combination of defensive framing, coalition-building, and no territorial loss makes a full government collapse within one week unlikely, though not impossible if a sudden military breakthrough occurs.",2026-02-10T15:22:35.805000,True,
generic_debate,2,7,generic_g07_a3,,1,0.15,medium,"The military balance remains roughly even, and Tethys is gaining stronger international diplomatic and likely material support, which stabilizes its position. While the crisis is severely elevated, the reported actions—such as war bonds, coalition-building, and humanitarian corridors—indicate a functioning government mobilizing for sustained defense, making a collapse within one week unlikely absent a sudden military or internal political shock.",2026-02-10T15:22:40.282772,True,
generic_debate,2,7,generic_g07_a4,,1,0.15,medium,"The current military and diplomatic momentum favors Tethys, with strong international support and no significant territorial losses. Government collapse is unlikely in the short term unless Novaris achieves a sudden, decisive breakthrough, which appears constrained by the stabilized frontline and Tethys's resource mobilization.",2026-02-10T15:22:43.805035,True,
generic_debate,2,7,generic_g07_a0,,2,0.15,medium,"The other analysts' assessments align closely with my initial reasoning, reinforcing the view that Tethys’s resilience, balanced military dynamics, and strong international support make a government collapse unlikely in the near term. No new significant factors or contrary evidence were introduced to warrant revising the probability estimate upward or downward. The consensus supports a stable, low-probability scenario.",2026-02-10T15:22:47.528507,True,
generic_debate,2,7,generic_g07_a1,,2,0.15,medium,"I maintain my 15% probability estimate, as the consensus among analysts reinforces my original reasoning. The points raised—strong Tethys resilience, balanced military conditions, and growing international support—collectively support a stable but non-negligible risk of collapse. No new contradictory evidence or factors have emerged to warrant a significant revision.",2026-02-10T15:22:51.329241,True,
generic_debate,2,7,generic_g07_a2,,2,0.15,medium,"I maintain my 15% estimate after reviewing the analysts' consensus, which aligns with my original assessment. The key factors—Tethys's resilient government, strong international backing, and stable military balance—still point to a low but non-negligible collapse risk. No new information or overlooked variables emerged to warrant a revision.",2026-02-10T15:22:55.407768,True,
generic_debate,2,7,generic_g07_a3,,2,0.15,medium,"I maintain my 15% estimate as other analysts' assessments reinforce my original reasoning, emphasizing Tethys's resilience through strong international support, defensive framing, and economic measures. The consensus on a balanced military situation and stable government cohesion supports this probability, with no new contradictory evidence presented to warrant revision.",2026-02-10T15:23:00.206852,True,
generic_debate,2,7,generic_g07_a4,,2,0.15,medium,"I am maintaining my original 15% estimate, as the consensus among analysts aligns with my initial assessment. The points raised—resilient government, international support, and a stable military balance—reinforce the view that the probability of regime change remains low but non-negligible, given the inherent uncertainties in prolonged conflicts. No new contradictory evidence has emerged to warrant an adjustment.",2026-02-10T15:23:04.636439,True,
generic_debate,2,6,generic_g06_a0,,1,0.05,medium,"The Tethys government is mounting a determined defense with strong and growing international support, both militarily and diplomatically. With forces now evenly matched, a stable frontline, and no territory lost, there is no immediate military or domestic political trigger for a collapse within the next week. The actions of issuing war bonds and establishing humanitarian corridors also suggest institutional resilience and control.",2026-02-10T15:22:27.059122,True,
generic_debate,2,6,generic_g06_a1,,1,0.1,medium,"The Tethys government is demonstrating resilience through strong international support, successful defensive framing of the conflict, and proactive domestic and diplomatic measures like war bonds and coalition-building. With the frontline stabilized and no territorial losses, the conditions for a governmental collapse within one week are highly unlikely absent a sudden, catastrophic military or political reversal.",2026-02-10T15:22:36.698292,True,
generic_debate,2,6,generic_g06_a2,,1,0.15,medium,"The Tethys government appears resilient, with strong and increasing international support, successful framing of the conflict as defensive, and active coalition-building. While the crisis is severely elevated, the military balance remains even, and Tethys's domestic actions (war bonds, resource reserves) suggest internal stability rather than imminent collapse.",2026-02-10T15:22:40.364961,True,
generic_debate,2,6,generic_g06_a3,,1,0.05,medium,"The scenario describes a stabilized frontline and Tethys gaining stronger international support, which strengthens its defensive position and legitimacy. With no territory lost and active coalition-building, the risk of a near-term governmental collapse is very low, though not entirely absent given the ongoing military pressure.",2026-02-10T15:22:44.117809,True,
generic_debate,2,6,generic_g06_a4,,1,0.15,medium,"The military balance remains even, and Tethys has strengthened its diplomatic position with growing international support, reducing the likelihood of a sudden collapse. However, the severely elevated crisis and Novaris's escalatory actions, such as sabotage and military demonstrations, introduce a non-zero risk of destabilizing shocks that could pressure the government.",2026-02-10T15:22:47.912032,True,
generic_debate,2,6,generic_g06_a0,,2,0.1,medium,"I am revising my probability upward from 0.05 to 0.10 after considering the consistent emphasis from other analysts on Tethys's strengthening diplomatic position and sustained international support, which could increase its leverage in eventual negotiations. However, the stabilized frontline and lack of decisive military advantage still suggest a significant path to a clear, lasting settlement remains difficult within the specified timeframe.",2026-02-10T15:22:52.297513,True,
generic_debate,2,6,generic_g06_a1,,2,0.125,medium,"After reviewing the other assessments, which consistently emphasize Tethys' resilient defense and growing international support, I am adjusting my estimate upward from 10% to 12.5%. While the stabilized frontline and diplomatic momentum reduce the risk of a total collapse, a limited territorial loss remains plausible given the inherent uncertainty in protracted conflicts. I maintain a slightly higher probability than the lower-end analysts to account for potential battlefield surprises or diplom...",2026-02-10T15:22:59.398624,True,
generic_debate,2,6,generic_g06_a2,,2,0.1,medium,"I am revising my estimate downward from 15% to 10% after considering the consensus among other analysts, who consistently highlighted the stabilizing frontline and Tethys's strengthened diplomatic and military backing. While the possibility of a sudden collapse remains, the combination of resilient defense and growing international support reduces its likelihood, aligning my assessment closer to the group's cautious outlook.",2026-02-10T15:23:03.552906,True,
generic_debate,2,6,generic_g06_a3,,2,0.1,medium,"I am revising my estimate upward from 5% to 10% after considering the consensus among other analysts that international support for Tethys is both strong and growing, and that the military balance remains relatively even. While this reduces the likelihood of a rapid collapse, the persistence of conflict dynamics and potential for unforeseen escalations or diplomatic shifts still leaves a meaningful, albeit low, probability of a negotiated settlement within the specified timeframe.",2026-02-10T15:23:08.005684,True,
generic_debate,2,6,generic_g06_a4,,2,0.15,medium,I maintain my 15% estimate after reviewing the range of analyst forecasts (5%–15%). While the consensus emphasizes Tethys's resilience and growing international support—factors I had already incorporated—the scenario’s inherent uncertainty and the lack of decisive new information keep the probability anchored. The spread of opinions reflects differing weight given to defensive momentum versus the potential for unforeseen escalations or diplomatic breakdowns.,2026-02-10T15:23:12.625370,True,
generic_debate,2,8,generic_g08_a0,,1,0.15,medium,"The government of Tethys is showing resilience and initiative, with strong international support growing and a defensive framing of the conflict that legitimizes its position. While the crisis is severely elevated, the frontline has stabilized and Tethys is taking proactive measures (coalition-building, war bonds, humanitarian corridors) that bolster domestic and external stability, making a near-term collapse very unlikely.",2026-02-10T15:22:34.152064,True,
generic_debate,2,8,generic_g08_a1,,1,0.15,medium,"The likelihood of Tethys's government collapsing within one week is low, given that the frontline has stabilized, international support is increasing, and Tethys is demonstrating strong internal mobilization (e.g., war bonds, resource reserves). However, the severe crisis level and Novaris’s escalatory actions (sabotage, military demonstrations) introduce a non-trivial risk of sudden regime destabilization if a major military setback occurs.",2026-02-10T15:22:37.874912,True,
generic_debate,2,8,generic_g08_a2,,1,0.15,medium,"The Tethys government is currently benefiting from strong and growing international support, a stabilized frontline, and effective diplomatic framing of the conflict as defensive. While the crisis is severely elevated, the combination of coalition backing, resource mobilization (e.g., war bonds), and no significant territorial losses makes a complete governmental collapse within the next week unlikely, though not impossible given the persistent military pressure from Novaris.",2026-02-10T15:22:42.048424,True,
generic_debate,2,8,generic_g08_a3,,1,0.15,medium,"The crisis remains militarized but no territory has changed hands, and Tethys enjoys strong and growing international support, which stabilizes its political and military position. While the conflict is severely elevated, the government's defensive framing, coalition-building, and financial measures (like war bonds) suggest it is consolidating domestic and international backing rather than facing imminent collapse.",2026-02-10T15:22:45.736050,True,
generic_debate,2,8,generic_g08_a4,,1,0.05,medium,"The military balance remains roughly even, and Tethys enjoys strong and growing international support, which stabilizes its political and defensive position. While the crisis is severely elevated, the government's actions—such as issuing war bonds, establishing humanitarian corridors, and successful diplomatic framing—indicate resilience rather than imminent collapse.",2026-02-10T15:22:49.191324,True,
generic_debate,2,8,generic_g08_a0,,2,0.1,medium,"I am revising my estimate downward after reviewing the consensus that the frontline has stabilized and international support is strengthening, which reduces the immediate risk of government collapse. While internal political fragility and economic strain remain factors, the unified assessment that military and diplomatic conditions have improved justifies a lower probability. However, the possibility of sudden internal breakdown or unexpected military shifts prevents a very low estimate.",2026-02-10T15:22:53.353084,True,
generic_debate,2,8,generic_g08_a1,,2,0.125,medium,"I am revising my estimate downward slightly from 15% after considering the consensus of other analysts, particularly the assessment highlighting the even military balance and the stabilizing effect of international support, which reduces the immediate risk of collapse. While the government retains resilience and a defensive advantage, the aggregated analysis suggests a lower likelihood of the specific negative scenario materializing in the near term.",2026-02-10T15:22:58.763648,True,
generic_debate,2,8,generic_g08_a2,,2,0.15,medium,"I maintain my 15% estimate after reviewing peer assessments, as the consensus supports a low-probability scenario due to stabilized frontlines and growing international backing for Tethys. The outlier at 5% is plausible but overly conservative given the inherent volatility of sudden political collapses. My reasoning aligns with the majority view that while the government is resilient, a rapid collapse remains a non-negligible tail risk.",2026-02-10T15:23:03.696271,True,
generic_debate,2,8,generic_g08_a3,,2,0.1,medium,"While I maintain that a government collapse within one week remains unlikely due to stabilized frontlines and international support, the consensus among other analysts—including one with a notably lower 5% estimate—suggests my original 15% may have been too high. I am revising downward to 10% to reflect a more cautious weighting of the regime’s resilience and the low base rate for such rapid collapses in similar conflict scenarios.",2026-02-10T15:23:08.386271,True,
generic_debate,2,8,generic_g08_a4,,2,0.08,medium,"I am revising my estimate upward from 5.0% to 8.0% after considering the consistent emphasis from other analysts on Tethys's stabilized frontline, growing international support, and effective diplomatic framing. While these factors indeed lower the risk of a near-term collapse, I maintain a slightly more cautious stance than the consensus (15%) because underlying structural vulnerabilities—such as economic strain, potential for sudden external pressure shifts, or internal cohesion challenges—cou...",2026-02-10T15:23:13.933260,True,
generic_debate,2,9,generic_g09_a0,,1,0.15,medium,"Tethys is mounting a determined defense with strong and growing international support, successfully framing the conflict as defensive. While the crisis is severely elevated, the frontline has stabilized, Tethys is engaging in coalition-building and resource mobilization, and there is no indication of internal instability or military collapse that would lead to government removal within a week.",2026-02-10T15:22:37.065612,True,
generic_debate,2,9,generic_g09_a1,,1,0.15,low,"The Tethys government is mounting a determined defense with strong and growing international support, and the military balance is roughly even with no territory lost. While the crisis is severely elevated, the combination of defensive framing, coalition-building, and economic measures (war bonds, resource reserves) suggests institutional resilience rather than imminent collapse within a one-week timeframe.",2026-02-10T15:22:41.146383,True,
generic_debate,2,9,generic_g09_a2,,1,0.15,medium,"The military balance remains roughly even, and Tethys has successfully framed the conflict as defensive, gaining strong and growing international support. While the crisis is severely elevated, the combination of a stabilized frontline, active coalition-building, and financial measures like war bonds suggests the Tethys government is resilient and not on the brink of collapse in the short term.",2026-02-10T15:22:44.650907,True,
generic_debate,2,9,generic_g09_a3,,1,0.15,medium,"The scenario indicates Tethys enjoys strong and growing international support, has successfully framed the conflict as defensive, and is actively mobilizing resources and diplomacy. With frontline momentum uncertain but no territorial loss, and Novaris facing diplomatic and sanctions pressure, a government collapse within one week is unlikely absent a sudden military or internal political shock.",2026-02-10T15:22:48.219629,True,
generic_debate,2,9,generic_g09_a4,,1,0.05,low,"Tethys's position has strengthened due to strong and growing international support, successful defensive framing of the conflict, and no territorial losses despite military parity. Government collapse in the next week is highly unlikely unless a sudden, catastrophic military or political shock occurs, which current indicators do not suggest.",2026-02-10T15:22:51.730104,True,
generic_debate,2,9,generic_g09_a0,,2,0.15,medium,"I maintain my original estimate after reviewing other analyses, as the consensus supports a low-probability outcome based on Tethys's defensive posture and international backing. While one analyst assigned a lower probability, the majority view aligns with my assessment of a roughly even military balance and limited likelihood of a decisive territorial breakthrough by Tethys.",2026-02-10T15:22:55.715011,True,
generic_debate,2,9,generic_g09_a1,,2,0.15,medium,"I maintain my original 15% estimate, as it aligns with the consensus of most analysts. The key factors—strong international support for Tethys, a defensive framing of the conflict, and a roughly even military balance—still suggest a low but non-negligible probability of the scenario. The outlier forecast of 5% does not provide sufficient new evidence to warrant a downward revision.",2026-02-10T15:23:01.078546,True,
generic_debate,2,9,generic_g09_a2,,2,0.15,medium,"The consensus among other analysts reinforces the original assessment that Tethys's defensive posture, international backing, and military parity make a full-scale invasion unlikely in the near term. While one analyst offered a lower estimate, the lack of new substantive intelligence or shifting geopolitical conditions does not warrant a revision. The balance of factors still suggests a low-probability, high-consequence scenario.",2026-02-10T15:23:06.045741,True,
generic_debate,2,9,generic_g09_a3,,2,0.15,medium,"I maintain my 15% probability estimate. While Analyst g09_a4’s lower forecast (5%) highlights Tethys’s strengthened position, the consensus among other analysts aligns with my original assessment of a roughly even military balance and meaningful but not decisive international support. The defensive framing helps Tethys, but does not yet shift the probability significantly lower given the inherent uncertainties in prolonged conflict dynamics.",2026-02-10T15:23:10.251870,True,
generic_debate,2,9,generic_g09_a4,,2,0.1,low,"The other analysts' consistent 15% estimates highlight factors I may have underweighted—namely Tethys's effective defensive framing and growing international backing, which could sustain a more prolonged resistance. However, my base rate skepticism about decisive state collapse in peer conflicts remains, and I view the scenario as still improbable, just less so than my initial 5% estimate. I am raising my forecast to reflect these diplomatic and informational dynamics but retain low confidence d...",2026-02-10T15:23:15.276192,True,
generic_debate,2,5,generic_g05_a0,,1,0.15,medium,"The current military balance is roughly even with a stabilized frontline, and Tethys enjoys strong and growing international diplomatic and economic support. Internal collapse typically requires severe military defeat, crippling internal dissent, or a coup, none of which are indicated by the reported actions and events within this short timeframe.",2026-02-10T15:22:42.302530,True,
generic_debate,2,5,generic_g05_a1,,1,0.15,medium,"The government of Tethys currently benefits from strong international support, a stabilized frontline, and effective diplomatic framing of the conflict as defensive. While Novaris is escalating pressure through military and cyber actions, there is no indication of internal instability or imminent collapse in Tethys within the next week. The probability reflects a low but non-zero risk due to the heightened crisis and potential for sudden escalation.",2026-02-10T15:22:46.578980,True,
generic_debate,2,5,generic_g05_a2,,1,0.15,medium,"The Tethys government is currently bolstered by strong and growing international support, a successfully framed defensive narrative, and a stabilized military front. While the crisis is severely elevated, the combination of coalition backing, active diplomatic efforts, and no significant territorial losses makes a full government collapse within one week unlikely, though not impossible given the high-tension environment.",2026-02-10T15:22:50.510349,True,
generic_debate,2,5,generic_g05_a3,,1,0.15,medium,"The military balance is even, and Tethys is gaining strong international support, which bolsters its defensive position and legitimacy. While the crisis is severely elevated, the government shows resilience through coalition-building, financing measures, and humanitarian actions, making a near-term collapse unlikely absent a sudden military or political shock.",2026-02-10T15:22:54.410514,True,
generic_debate,2,5,generic_g05_a4,,1,0.15,medium,"Tethys is on the defensive with strong and growing international support, a stabilized frontline, and no loss of territory, which bolsters domestic legitimacy. However, the severely elevated crisis and Novaris's continued pressure introduce a low but non-negligible risk of internal destabilization if military or economic conditions deteriorate sharply.",2026-02-10T15:22:58.973511,True,
generic_debate,2,5,generic_g05_a0,,2,0.15,medium,"The consensus among analysts reinforces the original assessment, highlighting Tethys's strong international backing, stabilized military position, and resilient domestic legitimacy. No new contradictory evidence or overlooked factors emerged that would necessitate revising the probability estimate upward or downward. The scenario remains plausible but not probable, with a balanced set of stabilizing and destabilizing factors.",2026-02-10T15:23:03.678599,True,
generic_debate,2,5,generic_g05_a1,,2,0.15,medium,"After reviewing the other assessments, I see consensus on key stabilizing factors: a roughly even military balance, a stabilized frontline, and strong international support for Tethys. These points align with my original reasoning, so no revision is warranted. The 15% probability reflects the persistent risk of escalation despite these defensive advantages.",2026-02-10T15:23:07.510787,True,
generic_debate,2,5,generic_g05_a2,,2,0.15,medium,"The consensus among analysts reinforces my initial assessment, highlighting Tethys' stabilized frontline, strong international backing, and resilient domestic legitimacy. No new critical factors were introduced that would materially shift the probability, so a 15% likelihood remains appropriate given the even military balance and defensive advantages.",2026-02-10T15:23:11.043820,True,
generic_debate,2,5,generic_g05_a3,,2,0.15,medium,"I maintain my original estimate as it aligns with the consensus among other analysts, who emphasize a stabilized military frontline, strong international backing for Tethys, and effective diplomatic framing—key factors that reduce near-term risk of regime collapse. While these conditions support stability, latent vulnerabilities (e.g., prolonged conflict fatigue or shifts in foreign support) keep the probability non-negligible but low.",2026-02-10T15:23:14.910414,True,
generic_debate,2,5,generic_g05_a4,,2,0.15,medium,"After reviewing the other analysts' assessments, I find broad alignment in the core factors: a stabilized military frontline, Tethys's strong international diplomatic and economic support, and the government's effective framing of the conflict. No new or overlooked variables were introduced that would materially alter the probability. I maintain the estimate as it reflects the current equilibrium, where significant changes remain unlikely absent a major external shock or internal collapse.",2026-02-10T15:23:19.253016,True,
