condition,period,agent_id,persona_id,persona_name,age,gender,education,occupation,geopolitical_expertise,economic_expertise,military_expertise,statistical_expertise,general_intelligence,bayesian_updating_skill,coherence_forecasting,cognitive_reflection_test,denominator_neglect,decision_rule_competence,risk_tolerance,political_leaning,thinking_style,information_processing,probability,confidence,reasoning,timestamp,success,error
personalized_independent,7,personalized_002,persona_0012,Patricia Anderson,67,female,bachelors,financial analyst,41,57,65,52,75,52,42,2,55,56,100,89,mixed,heuristic,0.25,medium,"While the cyber attack on Tethys's power grid and Novaris's threats of unconventional weapons introduce severe instability, Tethys has strong international backing, is actively mobilizing resources, and shows no signs of internal collapse. The government's resilience, combined with coalition support, makes a complete removal within a week unlikely but not impossible given the heightened volatility.",2026-02-10T15:51:36.792835,True,
personalized_independent,7,personalized_005,persona_0125,Ronald Rodriguez,26,male,masters,think tank researcher,100,71,79,54,47,45,28,1,74,17,18,24,intuitive,systematic,0.15,medium,"Tethys faces severe pressure from cyberattacks and Novaris’s unconventional threats, but strong international support, coalition military aid, and domestic resilience measures like war bonds suggest the government is not on the brink of collapse. The balance of power remains even, and while the situation is critical, a total governmental failure within a week appears unlikely without a sudden decisive military breakthrough by Novaris.",2026-02-10T15:51:36.947225,True,
personalized_independent,7,personalized_001,persona_0057,Matthew Garcia,59,male,masters,senior policy analyst,51,72,75,56,78,60,43,2,23,59,58,30,intuitive,heuristic,0.15,medium,"The Tethys government is facing severe pressure from Novaris's unconventional threats and a suspected cyber attack on its power grid, which could destabilize domestic order. However, Tethys continues to receive strong international military support and is taking proactive financial and diplomatic measures to sustain its defense. Given these counterbalancing factors and the absence of recent territorial losses, a full government collapse within seven days remains unlikely but not impossible.",2026-02-10T15:51:37.006725,True,
personalized_independent,7,personalized_006,persona_0114,Elizabeth Williams,67,female,masters,diplomat,97,100,59,58,81,65,44,3,57,49,39,52,mixed,heuristic,0.15,medium,"Tethys retains strong international backing and military parity, making outright government collapse unlikely in the short term. However, the cyber attack on its power grid and Novaris’s unconventional weapons threat introduce severe instability that could erode public confidence and operational capacity.",2026-02-10T15:51:37.604191,True,
personalized_independent,7,personalized_009,persona_0052,Richard Baker,66,male,bachelors,project manager,67,44,55,35,76,51,32,3,52,56,94,47,analytical,systematic,0.15,medium,"Despite the critical volatility and Novaris's threat of unconventional weapons, Tethys retains strong international backing and advanced military support from the allied coalition. The government's proactive measures—such as issuing war bonds and securing trade agreements—suggest resilience and functional control, making a full collapse unlikely within this short timeframe.",2026-02-10T15:51:38.009392,True,
personalized_independent,7,personalized_003,persona_0379,Sarah Adams,25,female,phd,quantitative analyst,56,100,90,100,59,34,50,0,10,56,66,23,intuitive,systematic,0.15,medium,"The comprehensive sanctions against Novaris and Tethys’s strong, growing international support—including advanced weapons from allies—create a resilient defensive posture. While the power grid cyberattack and Novaris’s unconventional weapons threat introduce volatility, base rates suggest that well-supported governments rarely collapse within a week absent a decisive military breakthrough, which hasn’t occurred.",2026-02-10T15:51:38.237162,True,
personalized_independent,7,personalized_007,persona_0071,Karen Harris,66,female,phd,professor of economics,72,94,87,100,67,17,46,3,36,72,20,100,analytical,adaptive,0.15,medium,"While the cyber attack on Tethys's power grid and Novaris's unconventional weapons threat introduce severe instability, Tethys retains strong international backing, advanced military support, and demonstrated fiscal resilience through war bonds. The government's proactive coalition-building and humanitarian efforts suggest it is consolidating domestic and international legitimacy rather than facing imminent collapse.",2026-02-10T15:51:38.357822,True,
personalized_independent,7,personalized_008,persona_0377,Taylor King,58,non-binary,masters,academic researcher,47,62,64,80,79,59,60,5,100,78,52,17,analytical,systematic,0.15,medium,"The advanced weapons from the coalition significantly bolster Tethys's defensive capabilities, offsetting the destabilizing impact of the suspected cyber attack on the power grid. While Novaris's unconventional weapons threat creates severe volatility, the strong and growing international support for Tethys, including diplomatic and economic measures, makes a total governmental collapse within a week unlikely.",2026-02-10T15:51:38.369974,True,
personalized_independent,7,personalized_000,persona_0327,Andrew Jackson,67,male,bachelors,project manager,40,43,44,52,60,69,45,1,51,51,80,34,mixed,heuristic,0.15,medium,"Tethys is receiving strong international support and advanced weapons, bolstering its defense, while Novaris is facing significant economic sanctions and international pressure. Although the crisis is volatile and Novaris is signaling unconventional threats, the current equilibrium and Tethys's active coalition-building make a complete government collapse within a week unlikely.",2026-02-10T15:51:38.374857,True,
personalized_independent,7,personalized_004,persona_0140,Lisa Phillips,36,female,masters,senior policy analyst,75,94,41,61,63,18,78,2,60,89,41,39,intuitive,systematic,0.25,medium,"The situation is highly volatile with critical intensity, and the cyber attack on Tethys's power grid introduces severe internal strain. However, Tethys retains strong and growing international support, advanced weapons from allies, and is taking proactive financial and diplomatic measures to sustain its defense. A full governmental collapse within seven days appears unlikely given these stabilizing countermeasures, though not impossible given the heightened threat environment.",2026-02-10T15:51:38.872248,True,
personalized_independent,7,personalized_010,persona_0346,Matthew Martin,65,male,masters,corporate strategist,46,68,62,73,73,54,20,4,34,60,76,32,analytical,heuristic,0.15,medium,"While the cyber attack on Tethys's power grid and Novaris's unconventional weapons threat create serious pressure, Tethys benefits from strong international support, advanced weapons transfers, and domestic financing measures like war bonds. The government appears resilient with coalition backing, making collapse unlikely in the near term, though instability risks remain elevated.",2026-02-10T15:51:40.948651,True,
personalized_independent,7,personalized_012,persona_0456,Sandra Martinez,41,female,masters,corporate strategist,74,40,37,63,66,52,42,5,48,67,54,75,analytical,adaptive,0.15,medium,"Despite the cyber attack and unconventional weapons threat from Novaris, Tethys benefits from strong coalition support, advanced weapons transfers, and active economic mobilization (war bonds, trade agreements). The government shows resilience through both military demonstrations and humanitarian efforts, making a collapse within a week unlikely absent a sudden military breakthrough by Novaris.",2026-02-10T15:51:41.019897,True,
personalized_independent,7,personalized_013,persona_0279,Patricia Lewis,49,female,masters,risk analyst,53,87,61,75,32,47,37,0,43,31,0,73,mixed,heuristic,0.25,medium,"Tethys is under severe pressure from cyber attacks and unconventional threats, but its strong international support and resilient military posture provide stability. The government’s proactive measures—like issuing war bonds and securing advanced weapons—suggest it can withstand short-term shocks without collapsing.",2026-02-10T15:51:41.465517,True,
personalized_independent,7,personalized_015,persona_0302,Margaret Garcia,54,female,bachelors,military officer,33,36,74,18,61,43,49,1,55,76,66,35,intuitive,heuristic,0.15,medium,"Tethys has strong international backing and advanced weapons support, which bolsters its defensive capabilities. While the cyber attack on their power grid and Novaris’s unconventional weapons threat introduce volatility, these are pressure tactics rather than decisive blows likely to cause immediate government collapse.",2026-02-10T15:51:41.765067,True,
personalized_independent,7,personalized_011,persona_0496,Amanda Jackson,34,female,phd,quantitative analyst,62,100,85,100,73,69,36,3,35,80,57,34,analytical,adaptive,0.15,medium,"Tethys maintains strong international support and has received advanced weapons from the allied coalition, bolstering its defense. While the power grid cyberattack and Novaris’s unconventional weapons threat introduce volatility, these are more likely to degrade infrastructure and morale than cause immediate governmental collapse within a week. The combination of external aid, ongoing financing (war bonds), and coalition-building efforts should provide sufficient resilience to prevent removal fr...",2026-02-10T15:51:42.163001,True,
personalized_independent,7,personalized_019,persona_0047,Kimberly Martin,40,female,bachelors,business consultant,61,55,31,71,62,22,32,1,42,46,41,65,analytical,heuristic,0.15,medium,"Despite the severe cyber attack on Tethys's power grid and Novaris's threats of unconventional weapons, Tethys retains strong international backing, advanced allied military support, and a mobilized domestic economy through war bonds. The government shows resilience through coalition-building and humanitarian efforts, making a total collapse within seven days unlikely barring a catastrophic escalation.",2026-02-10T15:51:42.771699,True,
personalized_independent,7,personalized_018,persona_0015,Emily Johnson,46,female,bachelors,financial analyst,60,26,48,32,62,70,56,1,36,51,19,33,analytical,heuristic,0.15,medium,"Tethys is under severe pressure from cyber attacks and unconventional threats, but its strong international support, advanced weapons from allies, and domestic financing measures (like war bonds) provide significant resilience. The situation is critical, but a full government collapse within one week appears unlikely given the current balance of power and external backing.",2026-02-10T15:51:43.404045,True,
personalized_independent,7,personalized_017,persona_0016,James Walker,48,male,masters,diplomat,54,56,73,41,92,62,68,3,69,81,55,55,intuitive,systematic,0.15,medium,"While the crisis is at maximum intensity and Novaris has signaled a willingness to use unconventional weapons—increasing pressure significantly—Tethys retains strong and growing international support, advanced weapons from an allied coalition, and a demonstrated ability to mobilize resources domestically. The government appears resilient and externally backed, making a total collapse within one week unlikely absent a catastrophic military or internal stability shock.",2026-02-10T15:51:43.768183,True,
personalized_independent,7,personalized_014,persona_0044,Patricia Lopez,31,female,bachelors,financial analyst,68,54,44,55,26,42,0,0,57,43,20,32,mixed,systematic,0.15,medium,"While the situation is critical and Novaris is signaling extreme measures, Tethys has strong and growing international backing, advanced weapons support, and is actively mobilizing resources. A government collapse within a week seems unlikely given its defensive resilience and external coalition support, but the cyber attack and threat of unconventional weapons introduce destabilizing risks.",2026-02-10T15:51:43.944300,True,
personalized_independent,7,personalized_016,persona_0216,Patricia Anderson,59,female,high_school,business analyst,19,14,3,6,56,28,62,0,4,30,38,34,intuitive,systematic,0.1,medium,"The situation remains highly volatile, but Tethys is receiving strong international support, including advanced weapons from allies, and is taking proactive domestic measures like issuing war bonds. While the cyber attack on its power grid and Novaris's unconventional weapons threat are serious, these are more likely to weaken Tethys than cause immediate governmental collapse within a week.",2026-02-10T15:51:43.985485,True,
personalized_independent,7,personalized_020,persona_0111,Melissa Phillips,34,female,bachelors,financial analyst,61,27,42,60,60,22,53,4,45,29,67,8,mixed,adaptive,0.15,medium,"Tethys faces severe pressure from cyber attacks and unconventional threats, but its strong international support, advanced weapons from allies, and domestic financing measures (like war bonds) bolster its resilience. While the situation is volatile, a complete government collapse within one week appears unlikely given these stabilizing factors.",2026-02-10T15:51:44.722064,True,
personalized_independent,7,personalized_022,persona_0258,Patricia Miller,69,female,phd,professor of economics,66,100,74,96,75,34,40,0,42,33,53,59,analytical,heuristic,0.15,medium,"While the cyber attack on Tethys's power grid introduces domestic strain and Novaris's unconventional weapons threat raises volatility, Tethys maintains strong international backing, coalition support, and economic measures like war bonds. The government appears resilient enough to withstand short-term pressure without collapsing within a week.",2026-02-10T15:51:45.190585,True,
personalized_independent,7,personalized_021,persona_0119,Joseph Johnson,63,male,phd,quantitative analyst,73,84,49,100,64,16,73,5,59,68,51,83,intuitive,systematic,0.15,medium,"Despite the heightened volatility and Novaris's unconventional threats, Tethys retains strong international backing and advanced military support, which bolsters its resilience. The government’s active measures—such as issuing war bonds and securing trade agreements—indicate functional domestic mobilization, making a full collapse within a week unlikely. However, the cyber attack on the power grid introduces a critical vulnerability that could destabilize public order if sustained.",2026-02-10T15:51:45.242284,True,
personalized_independent,7,personalized_023,persona_0308,Dorothy Johnson,66,female,bachelors,project manager,60,29,47,49,79,43,19,2,49,59,92,64,intuitive,systematic,0.15,medium,"While the cyber attack on Tethys’s power grid and Novaris’s unconventional weapons threat create severe pressure, Tethys continues to receive robust international support and advanced weapons, and is actively mobilizing resources domestically. The government’s demonstrated resilience, combined with strong coalition backing, makes a total collapse within one week unlikely, though the situation remains highly volatile.",2026-02-10T15:51:46.035319,True,
personalized_independent,7,personalized_024,persona_0013,Christopher Turner,44,male,masters,academic researcher,71,48,57,68,70,45,49,2,45,78,0,44,analytical,heuristic,0.15,medium,"The situation is critical and volatile, but Tethys retains strong international support and is actively bolstering its defenses and finances. While cyber attacks and unconventional threats pose risks, the government's collapse within a week appears unlikely given its current resilience and external backing.",2026-02-10T15:51:46.311903,True,
personalized_independent,7,personalized_025,persona_0287,Ronald Phillips,70,male,phd,senior intelligence analyst,80,72,100,100,45,37,16,3,35,41,51,38,intuitive,heuristic,0.15,medium,"The Tethys government appears resilient despite significant pressure, bolstered by strong international support and advanced military aid. While the cyber attack on their power grid and Novaris's unconventional weapons threat create instability, the likelihood of a full governmental collapse within a week remains low given their mobilized defense and coalition backing.",2026-02-10T15:51:47.160235,True,
personalized_independent,7,personalized_029,persona_0359,Lisa Johnson,26,female,bachelors,government administrator,67,42,59,42,66,12,48,3,44,84,20,35,mixed,systematic,0.15,medium,"The Tethys government is facing significant pressure from cyber attacks and Novaris's unconventional threats, but it retains strong international support and advanced military aid. While the situation is critical, the government’s active coalition-building and defensive measures make a total collapse within this short timeframe unlikely.",2026-02-10T15:51:48.189240,True,
personalized_independent,7,personalized_026,persona_0101,Brian Jones,40,male,bachelors,data analyst,24,38,40,37,53,40,31,2,56,58,62,65,intuitive,heuristic,0.15,medium,"Tethys is under severe pressure from cyberattacks and unconventional threats, but the strong international support and advanced weapons from allies provide critical stability. The government’s active measures—like issuing war bonds and securing trade agreements—suggest they are mobilizing resources to endure the crisis, making a total collapse within a week unlikely despite the high volatility.",2026-02-10T15:51:48.230623,True,
personalized_independent,7,personalized_027,persona_0366,Lisa Smith,56,female,bachelors,journalist,68,55,27,58,79,71,82,1,39,44,54,50,mixed,heuristic,0.15,medium,"Despite the critical volatility and cyber attacks on Tethys's infrastructure, the government retains strong international backing and military parity. The advanced weapons support from the allied coalition and Tethys's own proactive measures (war bonds, coalition-building) suggest resilience rather than imminent collapse.",2026-02-10T15:51:48.289789,True,
personalized_independent,7,personalized_028,persona_0332,Kevin Rodriguez,41,male,masters,defense contractor,47,59,43,74,72,25,56,3,50,53,29,30,analytical,adaptive,0.15,medium,"The Tethys government is under severe strain from the cyber attack and unconventional threats, but it continues to receive substantial international support, advanced weapons, and demonstrates strong internal mobilization through war bonds and coalition-building. While the situation is critical, the balance of forces remains even and there are no indicators of imminent internal collapse or removal from power within this short timeframe.",2026-02-10T15:51:48.349264,True,
personalized_independent,7,personalized_032,persona_0112,Jennifer Harris,49,female,masters,senior policy analyst,54,52,40,69,64,12,44,1,73,25,13,77,intuitive,heuristic,0.2,medium,"Tethys faces severe pressure from cyber attacks and unconventional threats, but its strong international support and domestic mobilization (war bonds, coalition-building) indicate resilience. The government is not showing signs of imminent collapse, despite the critical volatility.",2026-02-10T15:51:48.540118,True,
personalized_independent,7,personalized_030,persona_0486,Morgan Hernandez,40,non-binary,phd,quantitative analyst,61,77,65,100,79,70,70,3,50,51,4,33,analytical,heuristic,0.15,medium,"The Tethys government faces severe stress from cyber attacks and unconventional threats, but strong international support, advanced weapons provision, and active economic mobilization (war bonds, trade agreements) provide significant resilience. The absence of territorial loss or major military setbacks suggests internal collapse is unlikely within this short timeframe, despite heightened volatility.",2026-02-10T15:51:48.611797,True,
personalized_independent,7,personalized_031,persona_0214,Brian Nelson,58,male,bachelors,business consultant,57,57,72,24,63,60,76,3,54,68,71,41,mixed,systematic,0.15,medium,"Tethys is facing severe pressure from cyber attacks and unconventional threats, but its government remains stable due to strong international military and economic support. The likelihood of collapse within one week is low, as internal cohesion and external backing appear sufficient to withstand current challenges.",2026-02-10T15:51:48.621139,True,
personalized_independent,7,personalized_033,persona_0229,Deborah Jackson,35,female,masters,diplomat,96,50,57,63,58,53,52,0,68,47,6,48,mixed,heuristic,0.15,medium,"Tethys is receiving substantial international military and diplomatic support, which strengthens its defensive position and government stability. However, the cyber attack on its power grid and Novaris’s signals about unconventional weapons introduce severe, destabilizing risks that could undermine public confidence and operational continuity.",2026-02-10T15:51:50.117810,True,
personalized_independent,7,personalized_034,persona_0301,Elizabeth Evans,43,female,bachelors,journalist,55,54,49,40,71,54,41,4,79,76,43,68,intuitive,adaptive,0.05,medium,"Despite the cyber attacks and the critical volatility, Tethys retains strong international backing and material support, which bolsters its resilience. The government's active domestic mobilization (war bonds, resource reserves) and coalition-building efforts suggest it is consolidating, not collapsing, under pressure.",2026-02-10T15:51:50.708879,True,
personalized_independent,7,personalized_035,persona_0142,Jessica Jackson,33,female,bachelors,data analyst,53,44,57,57,83,75,75,2,29,58,38,21,mixed,systematic,0.25,medium,"The situation is critical and volatile, and Tethys faces severe pressure from cyber attacks and unconventional threats, which could destabilize governance. However, Tethys retains strong international support, advanced weapons from allies, and demonstrated resilience through financing and coalition-building. A complete government collapse within a week remains unlikely given these stabilizing factors, but the elevated risk justifies a moderate probability.",2026-02-10T15:51:51.984218,True,
personalized_independent,7,personalized_037,persona_0445,Susan Clark,59,female,bachelors,data analyst,50,40,41,64,85,29,54,3,56,80,100,38,analytical,systematic,0.15,medium,"Tethys retains strong international backing and military parity, which bolsters its stability. The suspected cyber attack and Novaris's unconventional threats introduce volatility, but they likely aim to coerce rather than directly collapse the government within this short timeframe.",2026-02-10T15:51:52.575687,True,
personalized_independent,7,personalized_040,persona_0412,Jason Taylor,65,male,bachelors,military officer,81,32,50,52,63,25,60,0,28,39,70,82,intuitive,heuristic,0.15,medium,"The situation is critical, but Tethys is receiving substantial international support and advanced weapons, which bolsters its defensive capacity. Novaris’s unconventional threats and cyber attacks increase pressure, but a full government collapse within a week seems unlikely given the strong coalition backing and Tethys’s proactive measures like war bonds and border patrols.",2026-02-10T15:51:52.781620,True,
personalized_independent,7,personalized_042,persona_0357,Jessica Lopez,56,female,bachelors,journalist,51,33,43,50,73,39,54,2,32,48,76,46,mixed,heuristic,0.2,medium,"The situation is critical and volatile, but Tethys has strong international backing, advanced weapons support, and active coalition-building efforts. The cyber attack and Novaris’s unconventional threats are destabilizing, but they seem more likely to inflict damage than to cause immediate governmental collapse given Tethys’s resilience and external support.",2026-02-10T15:51:52.865071,True,
personalized_independent,7,personalized_036,persona_0414,Deborah Taylor,41,female,high_school,sales manager,14,33,9,23,58,38,55,1,92,56,94,45,intuitive,systematic,0.25,medium,"Tethys is facing significant pressure from Novaris's unconventional threats and cyber attacks, but its strong international support and advanced military aid from allies provide substantial resilience. The government's proactive measures like war bonds and coalition-building indicate it is actively countering destabilization, making a complete collapse within a week unlikely despite heightened volatility.",2026-02-10T15:51:52.899492,True,
personalized_independent,7,personalized_041,persona_0081,Deborah Scott,43,female,masters,defense contractor,66,59,87,72,50,54,39,1,47,39,72,30,intuitive,systematic,0.15,medium,"The situation is critical, but Tethys is receiving robust international military support and has strong domestic mobilization, including war bonds. While the power grid cyberattack and Novaris’s unconventional weapons threat introduce serious pressure, a government collapse within a week seems unlikely given Tethys’s resilient defense posture and coalition backing.",2026-02-10T15:51:53.104156,True,
personalized_independent,7,personalized_043,persona_0483,Michael Brown,28,male,masters,corporate strategist,36,52,52,67,51,69,33,1,75,47,60,31,intuitive,heuristic,0.15,medium,"The situation is critical, but Tethys has strong international support and advanced weapons from allies, which stabilizes its defensive position. Novaris's unconventional threats and cyber attacks create pressure, but they likely aim to force concessions rather than achieve immediate regime change.",2026-02-10T15:51:53.485733,True,
personalized_independent,7,personalized_039,persona_0388,Sarah Parker,40,female,masters,intelligence analyst,92,28,100,72,80,50,29,5,29,76,44,55,analytical,systematic,0.15,medium,"The situation is critical and volatile, but Tethys is receiving advanced weapons from an allied coalition and has strong international support, which bolsters its defensive resilience. While Novaris’s signals about unconventional weapons and cyber attacks on Tethys’s power grid create severe pressure, a full government collapse within one week appears unlikely given the current military stalemate and Tethys’s active mobilization efforts.",2026-02-10T15:51:54.256337,True,
personalized_independent,7,personalized_038,persona_0003,Ryan Martinez,61,male,masters,intelligence analyst,87,75,73,67,79,48,50,2,35,52,20,62,analytical,heuristic,0.15,medium,"Tethys’s government is under significant strain from cyber attacks and unconventional threats, but it has strong international backing, advanced military support, and robust domestic measures like war bonds and coalition-building. The balance of power remains even, and a full collapse within a week is unlikely absent a sudden, catastrophic escalation.",2026-02-10T15:51:54.426826,True,
personalized_independent,7,personalized_044,persona_0174,Edward Allen,37,male,masters,senior policy analyst,68,74,69,68,58,56,95,1,44,42,37,88,intuitive,systematic,0.1,medium,"Tethys is receiving strong international support and advanced weapons, indicating robust external backing that bolsters regime stability. While the power grid cyber attack introduces vulnerability, the government’s active coalition-building and war bond issuance show internal resilience and public mobilization against collapse.",2026-02-10T15:51:55.120682,True,
personalized_independent,7,personalized_047,persona_0110,Margaret Turner,53,female,phd,research scientist,93,93,63,70,77,90,60,5,34,53,69,22,analytical,systematic,0.15,medium,"While the crisis is at maximum intensity and Novaris has signaled willingness to use unconventional weapons, Tethys continues to receive strong international support, advanced weapons, and demonstrates resilience through coalition-building and domestic financing (war bonds). The government shows no signs of internal collapse; external pressure, though severe, is being actively countered by both military and diplomatic measures.",2026-02-10T15:51:56.951588,True,
personalized_independent,7,personalized_050,persona_0490,Thomas Evans,44,male,bachelors,financial analyst,41,57,57,37,46,12,47,2,31,64,53,83,mixed,heuristic,0.15,medium,"Tethys has strong international backing and a determined defense, with the coalition providing advanced weapons. Novaris's threats and cyber attacks increase pressure, but the stability of Tethys's government is bolstered by its economic measures and external support, making a full collapse unlikely in the short term.",2026-02-10T15:51:57.369370,True,
personalized_independent,7,personalized_048,persona_0390,Karen Wright,51,female,bachelors,data analyst,81,51,37,45,83,46,51,4,40,58,57,25,analytical,heuristic,0.15,medium,"While the crisis is at maximum intensity and Tethys faces destabilizing cyber attacks, its government remains resilient with strong international backing, advanced weapons support, and active domestic mobilization. The lack of territorial loss and continued coalition-building efforts suggest a collapse is unlikely in the short term, though the unconventional threat from Novaris introduces significant risk.",2026-02-10T15:51:57.724977,True,
personalized_independent,7,personalized_046,persona_0079,Matthew Campbell,62,male,masters,defense contractor,71,58,100,38,73,33,33,3,8,63,97,38,analytical,heuristic,0.15,medium,"The Tethys government is facing severe pressure from cyberattacks and unconventional threats, but it retains strong international backing and military parity. A collapse within one week is unlikely given its defensive cohesion and external support, though the situation remains highly volatile.",2026-02-10T15:51:57.963533,True,
personalized_independent,7,personalized_045,persona_0464,Robert Clark,47,male,masters,think tank researcher,78,72,80,76,85,12,78,5,88,57,5,50,analytical,adaptive,0.25,medium,"While the crisis is at maximum intensity and Tethys faces destabilizing cyber attacks and unconventional threats, its government is actively bolstered by strong international support, advanced weapons transfers, and domestic financing measures like war bonds. These stabilizing factors, combined with no reported territorial losses or internal uprising, make a total governmental collapse within one week unlikely, though the high volatility and asymmetric pressure from Novaris create a significant ...",2026-02-10T15:51:58.976932,True,
personalized_independent,7,personalized_053,persona_0049,Carol Lopez,57,female,bachelors,business consultant,46,51,86,29,92,58,63,4,67,66,86,38,analytical,adaptive,0.15,medium,"The Tethys government faces severe pressure from cyber attacks and unconventional threats, but it is receiving advanced weapons and strong international backing. Its domestic actions, like issuing war bonds and increasing reserves, indicate resilience and organized mobilization, making a full collapse within a week unlikely despite the heightened volatility.",2026-02-10T15:51:59.085998,True,
personalized_independent,7,personalized_054,persona_0183,Margaret Nelson,36,female,bachelors,policy analyst,45,33,59,50,83,65,27,2,34,44,68,58,analytical,heuristic,0.15,medium,"Tethys is facing severe pressure from cyber attacks and unconventional threats, but it continues to receive strong international support and advanced military aid. The government's actions—like issuing war bonds and negotiating trade agreements—show resilience and functional control, making a full collapse unlikely in this short timeframe.",2026-02-10T15:51:59.101315,True,
personalized_independent,7,personalized_051,persona_0480,Carol Taylor,56,female,bachelors,military officer,62,58,69,32,57,42,60,4,30,49,41,69,mixed,adaptive,0.15,medium,"Tethys faces severe pressure from cyber attacks and unconventional threats, but it benefits from strong international support, advanced weapons transfers, and demonstrated internal resilience through war bonds and humanitarian efforts. The government is not showing immediate signs of collapse, though the situation remains volatile with Novaris escalating unconventional posturing.",2026-02-10T15:51:59.402817,True,
personalized_independent,7,personalized_052,persona_0194,Jessica White,46,female,masters,think tank researcher,76,80,85,80,76,31,39,4,11,60,57,21,analytical,systematic,0.15,medium,"Tethys is experiencing severe pressure from cyber attacks and unconventional threats, but its government remains functional and is receiving substantial international military and economic support. The lack of territorial loss or major military setbacks, combined with active coalition-building and internal mobilization (war bonds), suggests resilience against immediate collapse despite the critical volatility.",2026-02-10T15:51:59.943999,True,
personalized_independent,7,personalized_049,persona_0172,Richard Nelson,70,male,bachelors,journalist,53,34,54,31,76,91,71,4,55,34,16,82,analytical,systematic,0.25,medium,"Tethys is under severe strain from the cyber attack on its power grid and Novaris's unconventional weapons threat, which could destabilize public order and governance. However, the government is receiving strong international support, advanced weapons, and is actively mobilizing resources through measures like war bonds, indicating resilience. The balance of forces remains even, and a full collapse within one week seems unlikely barring a sudden, catastrophic escalation.",2026-02-10T15:52:00.296763,True,
personalized_independent,7,personalized_056,persona_0176,Jeffrey Moore,28,male,bachelors,journalist,71,43,29,56,78,68,44,2,56,57,2,59,analytical,systematic,0.15,medium,"While the situation is critical and Novaris is signaling unconventional threats, Tethys shows resilience through coalition-building, international support, and domestic mobilization (e.g., war bonds). The government is not isolated and retains functional control, making near-term collapse unlikely absent a sudden military breakthrough or internal coup.",2026-02-10T15:52:01.368528,True,
personalized_independent,7,personalized_057,persona_0309,Lisa Young,63,female,masters,senior policy analyst,63,72,61,56,60,52,36,1,20,51,45,41,mixed,heuristic,0.15,medium,"Despite the high volatility and cyber attack on Tethys's power grid, the government is receiving strong international support and advanced weapons, which bolsters its defensive resilience. Novaris's signaling about unconventional weapons increases pressure, but the base rate for a full government collapse within a week, while forces remain evenly matched and sanctions bite Novaris, is still relatively low.",2026-02-10T15:52:01.967395,True,
personalized_independent,7,personalized_055,persona_0433,Patricia Adams,65,female,bachelors,financial analyst,49,34,61,49,59,49,25,0,27,51,49,76,analytical,heuristic,0.2,medium,"The situation is critical and volatile, but Tethys continues to receive strong international support and advanced weaponry, bolstering its defensive posture. While the cyber attack and Novaris's unconventional threats are destabilizing, the government's active coalition-building and financial measures suggest it retains functional control and resilience. Base rates for state collapse under such conditions, even with intense pressure, remain relatively low without a decisive military breakthrough...",2026-02-10T15:52:02.426225,True,
personalized_independent,7,personalized_058,persona_0135,William Miller,54,male,phd,independent researcher,67,67,60,86,71,37,60,2,7,71,36,39,analytical,heuristic,0.3,medium,"The probability of government collapse is elevated due to the critical and volatile situation, combined with the cyber attack on Tethys's power grid and Novaris's unconventional weapons threat. However, Tethys maintains strong international backing, advanced weapons support, and shows resilience through bond issuance and coalition-building, which mitigate immediate collapse risks. The balance leans toward continued, though precarious, stability rather than regime failure in this short window.",2026-02-10T15:52:02.968039,True,
personalized_independent,7,personalized_059,persona_0413,Elizabeth Johnson,41,female,phd,independent researcher,98,57,61,86,63,30,78,3,27,39,100,49,intuitive,systematic,0.15,medium,"While Tethys faces severe pressure from cyber attacks and unconventional threats, its strong international support, coalition backing, and domestic mobilization (war bonds, resource reserves) indicate resilience. Government collapse within a week is unlikely absent a catastrophic military breakthrough or internal coup, neither of which is currently indicated.",2026-02-10T15:52:03.387114,True,
personalized_independent,7,personalized_060,persona_0022,David Hernandez,67,male,masters,senior policy analyst,74,59,80,47,70,88,55,5,53,73,48,45,analytical,adaptive,0.15,medium,"The Tethys government faces severe pressure from the Novaris unconventional weapons threat and cyber attacks on its power grid, which could undermine stability. However, its strong and growing international support, advanced weapons from the allied coalition, and robust domestic actions like war bonds and humanitarian efforts provide significant resilience. A full government collapse within one week remains unlikely given these countervailing factors, though the situation is critical and volatil...",2026-02-10T15:52:03.820259,True,
personalized_independent,7,personalized_063,persona_0274,Nancy Nelson,31,female,phd,think tank fellow,79,98,68,67,89,73,71,4,42,66,69,88,analytical,adaptive,0.15,medium,"While the cyber attack on Tethys's power grid and Novaris's unconventional weapons threat create severe internal pressure, Tethys retains strong international backing, advanced weapons support, and a mobilized financial and military posture. The government is not yet facing imminent collapse, but systemic vulnerabilities are rising under this sustained, high-intensity crisis.",2026-02-10T15:52:04.425935,True,
personalized_independent,7,personalized_064,persona_0063,Riley Johnson,34,non-binary,phd,research scientist,59,79,97,80,64,40,48,2,30,67,6,71,mixed,systematic,0.1,medium,"Tethys is under severe pressure with cyber attacks and unconventional threats, but it maintains strong international backing, advanced weapons transfers, and domestic financial mobilization (war bonds). Government collapse would require a rapid internal breakdown or military defeat, which current coalition support and defensive preparations make unlikely in this short timeframe.",2026-02-10T15:52:04.452771,True,
personalized_independent,7,personalized_061,persona_0373,Nancy Garcia,59,female,high_school,military veteran,20,36,58,35,88,73,38,4,18,68,30,45,intuitive,adaptive,0.15,medium,"The situation is critical and volatile, and the cyber attack on Tethys's power grid introduces internal strain. However, Tethys retains strong international support, advanced weapons from allies, and is taking proactive financial and defensive measures (war bonds, border patrols). A full government collapse within a week seems unlikely unless Novaris escalates dramatically with unconventional weapons, which would be a major shift.",2026-02-10T15:52:04.871876,True,
personalized_independent,7,personalized_062,persona_0235,Robert Evans,66,male,masters,economist,75,73,40,63,70,37,63,0,2,70,72,23,analytical,systematic,0.15,medium,"While the cyber attack on Tethys's power grid and Novaris's unconventional weapons threat introduce severe instability, Tethys benefits from strong international support, advanced allied weapons, and resilient economic measures like war bonds. A government collapse in the next week remains unlikely given the current military stalemate and external backing, but the heightened volatility and asymmetric threats raise the risk above a baseline scenario.",2026-02-10T15:52:05.520952,True,
personalized_independent,7,personalized_065,persona_0193,Joseph Davis,46,male,bachelors,financial analyst,48,34,40,70,73,35,49,3,100,64,40,85,analytical,systematic,0.15,medium,"Despite the critical volatility and Novaris's unconventional threats, Tethys retains strong international backing, advanced weapons support, and active domestic mobilization through measures like war bonds. A government collapse within a week appears unlikely given these stabilizing factors, though the cyber attack and heightened tensions introduce meaningful risk.",2026-02-10T15:52:05.625053,True,
personalized_independent,7,personalized_067,persona_0282,Kimberly Martinez,69,female,masters,corporate strategist,76,64,78,56,82,51,54,3,23,92,47,66,analytical,systematic,0.15,medium,"While the situation is critical and Novaris has signaled willingness to use unconventional weapons, Tethys benefits from strong international support, advanced allied weapons, and a resilient domestic posture, including war bonds and coalition-building. Government collapse in such a short timeframe is unlikely absent a sudden, catastrophic military or internal breakdown, which current indicators do not yet suggest.",2026-02-10T15:52:06.493877,True,
personalized_independent,7,personalized_069,persona_0424,Jeffrey Miller,32,male,bachelors,data analyst,52,66,23,41,49,39,58,1,52,68,61,30,intuitive,heuristic,0.15,medium,"While the cyber attack on Tethys’s power grid and Novaris’s threats of unconventional weapons increase instability, Tethys continues to receive strong military and diplomatic support from its allies. The government’s actions—such as issuing war bonds, negotiating trade deals, and maintaining humanitarian efforts—signal resilience and functional control, making a full collapse within the week unlikely despite heightened pressure.",2026-02-10T15:52:07.765092,True,
personalized_independent,7,personalized_071,persona_0316,Joseph Clark,28,male,masters,academic researcher,53,63,46,88,87,54,36,6,27,56,5,33,analytical,heuristic,0.15,low,"The scenario describes the crisis as critical and volatile, but Tethys is receiving advanced weapons from an allied coalition and maintains strong international support. While the cyber attack on the power grid introduces instability, the government's active measures—like issuing war bonds and negotiating trade agreements—suggest resilience and functional control rather than imminent collapse.",2026-02-10T15:52:08.107128,True,
personalized_independent,7,personalized_066,persona_0040,Margaret Brown,43,female,phd,research scientist,51,82,63,57,69,50,40,4,20,55,35,48,analytical,systematic,0.15,medium,"Tethys continues to receive substantial military and diplomatic support from an allied coalition, which strengthens its defensive and governance resilience. While the cyber attack on its power grid and Novaris's unconventional weapons threat introduce severe instability, the lack of territorial loss and Tethys’s active mobilization (war bonds, resource reserves) suggest the government retains functional control. The probability of collapse within one week remains low but non-trivial given the cr...",2026-02-10T15:52:08.683624,True,
personalized_independent,7,personalized_068,persona_0150,David Rodriguez,46,male,bachelors,policy analyst,56,30,68,83,85,75,53,1,0,61,35,27,analytical,heuristic,0.15,medium,"While the situation is critical and Novaris's unconventional weapons signal introduces extreme volatility, Tethys's position is being bolstered by tangible international support (advanced weapons, coalition-building) and internal mobilization (war bonds). A government collapse within one week would require a catastrophic, near-instantaneous failure of both its military and political structures, which the current balance of forces and external backing makes unlikely despite the severe pressure.",2026-02-10T15:52:08.738363,True,
personalized_independent,7,personalized_070,persona_0321,Taylor Evans,35,non-binary,bachelors,military officer,54,46,77,48,54,44,62,0,43,24,73,47,intuitive,heuristic,0.2,medium,"The Tethys government is under severe pressure from the cyber attack and unconventional threats, but its strong international backing and recent military support from the coalition provide critical stability. While the situation is volatile, the balance of forces remains even, and a total government collapse within a week seems unlikely given their determined defense and external aid.",2026-02-10T15:52:08.950981,True,
personalized_independent,7,personalized_073,persona_0295,Edward Jones,44,male,bachelors,data analyst,42,54,88,48,63,63,57,5,54,59,5,9,intuitive,systematic,0.15,medium,"Tethys is receiving advanced weapons from the Allied coalition and maintains strong international diplomatic and economic support, which bolsters its resilience. However, the cyber attack on its power grid and Novaris's signaling of unconventional weapons create significant internal strain and instability. Given the balanced military situation and Tethys's active defense measures, a full government collapse within a week remains unlikely but not negligible.",2026-02-10T15:52:09.344718,True,
personalized_independent,7,personalized_075,persona_0360,Nancy King,41,female,phd,senior intelligence analyst,78,59,92,81,39,35,60,0,67,50,22,42,mixed,heuristic,0.15,medium,"While the crisis is at maximum intensity and Novaris has signaled willingness to use unconventional weapons, Tethys has strong and growing international support, advanced weapons from allies, and is actively mobilizing resources through war bonds. The government appears resilient and externally backed, making collapse unlikely in the short term.",2026-02-10T15:52:10.879347,True,
personalized_independent,7,personalized_072,persona_0185,Jeffrey Rodriguez,37,male,masters,think tank researcher,78,71,52,50,54,35,26,0,54,48,92,33,mixed,heuristic,0.15,medium,"The situation is critical and volatile, but Tethys's government is receiving strong international support, advanced weapons, and is actively financing its defense through measures like war bonds. While cyber attacks and unconventional threats from Novaris create instability, the government's resilience and external backing make a full collapse within a week unlikely.",2026-02-10T15:52:10.897552,True,
personalized_independent,7,personalized_074,persona_0098,Sarah Brown,44,female,phd,strategic advisor,84,71,68,91,54,33,58,2,43,64,54,62,mixed,systematic,0.15,medium,"Despite the cyber attack on Tethys's power grid and Novaris's signaling of unconventional weapons, the overall strategic position of Tethys remains resilient. The government is actively mobilizing resources through war bonds and enjoys strong, growing international support, including advanced weapons from the allied coalition. A collapse within one week is unlikely given these stabilizing countermeasures and the lack of a decisive military breakthrough by Novaris.",2026-02-10T15:52:11.163129,True,
personalized_independent,7,personalized_076,persona_0035,Mary Wilson,51,female,phd,think tank fellow,91,72,99,96,87,41,69,5,40,88,65,68,analytical,adaptive,0.15,medium,"The Tethys government is under severe strain from cyber attacks and unconventional threats, but it retains strong international backing and advanced military support. The balance of power remains even, and domestic measures like war bonds and humanitarian aid suggest resilience, making a full collapse within a week unlikely.",2026-02-10T15:52:11.240912,True,
personalized_independent,7,personalized_077,persona_0023,Mary Garcia,36,female,masters,intelligence analyst,80,79,52,59,40,18,70,2,32,24,0,36,analytical,systematic,0.15,medium,"The Tethys government maintains strong international backing and has taken proactive financial and military measures to bolster its resilience. While the cyber attack and Novaris’s unconventional threats introduce volatility, the lack of territorial loss and continued coalition support make a full government collapse unlikely in this short timeframe.",2026-02-10T15:52:11.862808,True,
personalized_independent,7,personalized_080,persona_0395,Andrew Harris,56,male,masters,think tank researcher,67,75,73,71,62,52,69,3,8,59,100,17,mixed,adaptive,0.15,medium,"While the situation is critical and Novaris has signaled willingness to use unconventional weapons, Tethys continues to receive strong international support, including advanced weapons from the allied coalition. The government's actions—issuing war bonds, negotiating trade agreements, and maintaining coalition-building efforts—demonstrate resilience and institutional stability, making a total collapse within a week unlikely despite heightened pressure.",2026-02-10T15:52:12.794401,True,
personalized_independent,7,personalized_079,persona_0116,Elizabeth Adams,49,female,masters,senior policy analyst,85,64,77,54,81,41,67,7,45,41,36,80,mixed,systematic,0.15,medium,"Despite the severe cyber attack on Tethys's power grid and Novaris's threats of unconventional weapons, Tethys continues to receive strong international military and diplomatic support, including advanced weapons from the allied coalition. The government's actions—such as issuing war bonds, negotiating trade agreements, and maintaining coalition-building—indicate resilience and functional governance, making a full collapse within seven days unlikely even under intense pressure.",2026-02-10T15:52:13.804918,True,
personalized_independent,7,personalized_078,persona_0338,David Jones,30,male,bachelors,government administrator,30,56,63,42,55,38,34,2,55,46,91,32,analytical,heuristic,0.15,medium,"Despite the cyber attack and unconventional weapons threat, Tethys shows strong resilience with international support, advanced weapons from allies, and active domestic mobilization through war bonds and border operations. The government's collapse is unlikely in the short term given these stabilizing factors and the lack of territorial losses.",2026-02-10T15:52:14.052067,True,
personalized_independent,7,personalized_085,persona_0447,Kenneth Williams,43,male,masters,economist,66,100,64,80,77,42,34,4,37,57,47,89,analytical,adaptive,0.25,medium,"The Tethys government is under severe pressure from Novaris's unconventional threats and cyber attacks, which could destabilize domestic control. However, strong international support, advanced weapons supplies, and active economic measures like war bonds provide significant resilience. A full collapse within seven days remains unlikely given these counterbalancing factors, but the heightened volatility introduces meaningful risk.",2026-02-10T15:52:15.502426,True,
personalized_independent,7,personalized_083,persona_0478,Jennifer Anderson,37,female,bachelors,journalist,54,77,65,58,75,49,80,4,31,42,64,48,mixed,heuristic,0.15,medium,"While the cyber attack on Tethys's power grid and Novaris's unconventional weapons threat increase instability, Tethys retains strong international backing, advanced weapons support, and domestic mobilization through war bonds. A government collapse within a week appears unlikely given these stabilizing factors, though the heightened volatility warrants a non-negligible risk assessment.",2026-02-10T15:52:15.740142,True,
personalized_independent,7,personalized_082,persona_0444,Elizabeth Taylor,28,female,high_school,military veteran,34,36,64,26,84,53,45,4,32,69,11,24,intuitive,adaptive,0.25,medium,"Despite the cyber attack and Novaris’s unconventional threats, Tethys has strong international backing and advanced weapons support, which bolsters its defensive posture. The government’s actions—like issuing war bonds and securing trade agreements—show it is mobilizing resources to withstand pressure, making a full collapse unlikely in this short timeframe.",2026-02-10T15:52:15.803113,True,
personalized_independent,7,personalized_081,persona_0148,Jason Campbell,38,male,bachelors,data analyst,64,50,61,23,82,56,56,4,41,43,32,64,intuitive,systematic,0.25,medium,"While the situation is critical and Novaris has signaled willingness to use unconventional weapons, Tethys maintains strong international backing, including advanced weapons support and coalition-building efforts. The government's domestic actions—such as issuing war bonds and increasing strategic reserves—suggest resilience and organized mobilization, making a full collapse within the week unlikely despite the heightened volatility and cyber disruptions.",2026-02-10T15:52:15.903047,True,
personalized_independent,7,personalized_087,persona_0232,Michael Lee,44,male,phd,think tank fellow,92,68,86,42,63,38,48,3,75,46,64,54,mixed,heuristic,0.15,medium,"Despite the cyber attack on Tethys's power grid and Novaris's signaling of unconventional weapons, Tethys retains strong international support and enhanced military aid from the coalition. The government's actions—such as issuing war bonds and negotiating trade agreements—indicate it is mobilizing resources for sustained resistance, making a collapse within a week unlikely barring a sudden catastrophic escalation.",2026-02-10T15:52:16.455486,True,
personalized_independent,7,personalized_086,persona_0454,Daniel Lopez,59,male,masters,economist,42,100,57,72,84,81,69,2,45,31,72,9,analytical,heuristic,0.15,medium,"Despite the cyber attack and Novaris's unconventional threats, Tethys maintains strong international backing, advanced military support, and domestic financing measures like war bonds. The government shows resilience through coalition-building and humanitarian efforts, making collapse unlikely in the short term, but the high-intensity crisis introduces volatility.",2026-02-10T15:52:16.523804,True,
personalized_independent,7,personalized_084,persona_0051,William Davis,55,male,phd,research scientist,89,93,80,86,88,72,62,5,45,53,67,16,analytical,heuristic,0.1,medium,"Tethys's government is under severe strain from cyberattacks and unconventional threats, but it retains strong international backing, advanced military aid, and domestic mobilization efforts (war bonds, resource reserves). A full collapse within a week is unlikely given its resilient defensive posture and coalition support, though systemic shocks increase near-term instability.",2026-02-10T15:52:17.492005,True,
personalized_independent,7,personalized_090,persona_0083,Deborah Phillips,50,female,masters,risk analyst,28,50,75,83,86,30,50,5,3,69,56,42,analytical,heuristic,0.15,medium,"Tethys faces severe pressure from cyber attacks and unconventional threats, but its military position remains stable with strong international support and advanced weapons from allies. The government's proactive measures—war bonds, coalition-building, and humanitarian aid—indicate resilience and operational continuity, making a collapse within a week unlikely despite the heightened volatility.",2026-02-10T15:52:18.640117,True,
personalized_independent,7,personalized_088,persona_0325,Brian Nelson,56,male,bachelors,journalist,95,66,53,71,52,40,76,0,52,52,99,10,analytical,systematic,0.15,medium,"The situation remains critical, but Tethys's position is fundamentally stable. The government is receiving advanced weapons support from an allied coalition and actively financing its operations through war bonds, indicating strong domestic and international backing. While the power grid attack creates internal pressure, it is unlikely to cause a governmental collapse within a week given the robust defensive and diplomatic posture Tethys maintains.",2026-02-10T15:52:19.049549,True,
personalized_independent,7,personalized_092,persona_0181,Kenneth Evans,43,male,bachelors,financial analyst,30,54,42,71,74,69,31,3,21,53,43,31,analytical,systematic,0.15,medium,"While the situation is critical and Novaris has signaled a willingness to escalate, Tethys still benefits from strong international support, advanced weapons from allies, and internal financing measures like war bonds. Government collapse typically requires severe internal instability or military defeat, which isn't indicated here despite the cyber attack and threats.",2026-02-10T15:52:19.448639,True,
personalized_independent,7,personalized_091,persona_0189,Mary Garcia,44,female,masters,think tank researcher,82,75,78,63,75,43,53,4,62,74,64,47,analytical,heuristic,0.2,medium,"The situation is critical and volatile, but Tethys retains strong international support, advanced weapons from allies, and a mobilized defense effort. While cyber attacks and unconventional threats from Novaris increase instability, a full government collapse within a week appears unlikely given Tethys's resilience and external backing.",2026-02-10T15:52:19.532934,True,
personalized_independent,7,personalized_089,persona_0186,Paul Lee,65,male,masters,economist,52,75,48,86,87,41,59,2,29,50,65,33,analytical,heuristic,0.15,medium,"Despite the cyber attack and heightened volatility, Tethys’s government is bolstered by strong international support, advanced weapons from allies, and active financial measures like war bonds. The economic and diplomatic pressure on Novaris from sanctions, coupled with Tethys’s stable defensive posture, makes a complete government collapse within one week statistically unlikely, though the unconventional threat introduces non-zero risk.",2026-02-10T15:52:19.585703,True,
personalized_independent,7,personalized_093,persona_0107,Michael Thomas,64,male,masters,diplomat,100,53,57,60,62,34,14,2,53,46,98,50,intuitive,systematic,0.15,medium,"Tethys maintains strong international support, including advanced weapons from the coalition, and has mobilized both militarily and economically through war bonds and trade agreements. While the power grid outage and Novaris's unconventional weapons threat introduce volatility, Tethys's defensive cohesion and external backing make a full government collapse within this brief window unlikely.",2026-02-10T15:52:19.802791,True,
personalized_independent,7,personalized_096,persona_0470,Jennifer Johnson,44,female,bachelors,policy analyst,55,52,26,46,96,59,39,2,79,62,6,26,intuitive,heuristic,0.15,medium,"While the situation is critical and Novaris is signaling escalatory threats, Tethys retains strong international backing and domestic mobilization. The government's actions—issuing war bonds, negotiating trade deals, and receiving advanced weapons—show resilience and institutional stability, making a full collapse within a week unlikely despite the pressure.",2026-02-10T15:52:20.252259,True,
personalized_independent,7,personalized_094,persona_0343,Matthew Wright,32,male,bachelors,financial analyst,53,34,52,44,49,53,45,1,43,65,48,51,analytical,systematic,0.15,medium,"The situation is critical, but Tethys is receiving substantial international support, including advanced weapons and coalition backing, while Novaris faces significant sanctions. The government is taking active steps to finance its defense and maintain stability, making a total collapse within a week unlikely despite cyber attacks and unconventional threats.",2026-02-10T15:52:20.445824,True,
personalized_independent,7,personalized_095,persona_0136,Nancy Hill,36,female,masters,economist,70,100,88,100,54,58,32,2,4,41,33,72,mixed,heuristic,0.15,medium,"The Tethys government is under severe strain from cyber attacks and unconventional threats, but its strong international support, advanced weaponry from allies, and domestic financing measures (like war bonds) provide significant resilience. Base rates suggest governments with this level of external backing and internal mobilization rarely collapse within a week, even under maximum pressure.",2026-02-10T15:52:23.221518,True,
personalized_independent,7,personalized_098,persona_0331,Daniel Turner,32,male,masters,senior policy analyst,45,64,62,70,88,35,66,6,38,71,60,58,analytical,systematic,0.15,medium,"While the situation is critical and Novaris has signaled a willingness to use unconventional weapons, Tethys retains strong international support and military parity. The government's actions—issuing war bonds, securing trade agreements, and receiving advanced weapons—demonstrate resilience and organizational capacity, making a total collapse within seven days unlikely.",2026-02-10T15:52:23.247189,True,
personalized_independent,7,personalized_097,persona_0349,Quinn White,44,non-binary,masters,risk analyst,19,59,70,71,84,51,46,2,37,41,3,22,analytical,heuristic,0.2,medium,"While the cyber attack on Tethys’s power grid and Novaris’s unconventional weapons threat introduce severe instability, Tethys continues to receive strong international support, advanced weapons, and is actively financing its defense through measures like war bonds. The government appears resilient and is not showing signs of imminent internal collapse, though the heightened crisis raises the risk of sudden escalation.",2026-02-10T15:52:23.971753,True,
personalized_independent,7,personalized_099,persona_0036,Matthew Smith,62,male,bachelors,policy analyst,53,70,50,53,53,50,39,0,47,43,94,72,intuitive,heuristic,0.15,medium,"The Tethys government is under severe pressure from cyberattacks and unconventional threats, but strong international backing and its own economic mobilization through war bonds suggest resilience. While the situation is critical, a total collapse within a week seems unlikely given the defensive support and lack of territorial loss so far.",2026-02-10T15:52:24.072415,True,
