"period","faction","topic","round","timestamp","sender_name","sender_role","hawk_dove","policy_adherence","objective_alignment","worldview","content"
1,"major_power","STRATEGIC DISCUSSION: Assessing the situation and priorities",1,"2026-02-15 14:53:47","General Viktor Krasnov","military",0.92,0.9,0.95,"nationalist_populist","The battlefield shift proves our enemy is vulnerable, not invincible—what looks like a stalemate to diplomats is, to me, a pause before the kill. My forces can break their defenses within six weeks if given air superiority and full mobilization authority, but every day lost to political hesitation lets Meridian entrench further and bleed us through sanctions and propaganda. The real risk isn't military defeat—it's our own weakness at the negotiating table, where the West frames resistance as aggression while arming our enemies. What’s being overlooked is that wheat prices and sanctions hurt, yes, but morale wins wars—and our people are ready to fight for Tethys as sacred soil, not just another campaign."
1,"major_power","STRATEGIC DISCUSSION: Assessing the situation and priorities",1,"2026-02-15 14:53:59","Minister Dmitri Volkov","government",0.68,0.85,0.8,"realist","The surge in wheat prices and new financial sanctions are already tightening domestic economic pressure, and while our propaganda machine is holding the narrative at home, prolonged economic strain risks eroding public support—no amount of historical justice sells when shelves are empty. My experience tells me that information control and economic resilience are now as decisive as battlefield gains; we must treat the financial and narrative fronts as core combat zones. The Meridian Alliance’s sanctions are designed to bleed us slowly, so our operations must deliver visible, irreversible momentum within the next 90 days—anything longer turns this from a liberation into a war of attrition we cannot afford politically. What worries me most is complacency in assuming popular support will last; we’re winning the information war now, but one major military setback or leaked casualty figure could collapse the entire narrative."
1,"major_power","STRATEGIC DISCUSSION: Assessing the situation and priorities",1,"2026-02-15 14:54:01","Dr. Natasha Petrova","economic",0.25,0.5,0.35,"pragmatic_technocrat","The economic reality on the ground is deteriorating faster than the public narrative suggests—our foreign reserves are depleting under targeted financial sanctions, and the 38% surge in wheat prices is straining both our domestic stability and military supply chains. While the operation is framed as a necessary defense, we are underestimating the long-term cost of sustaining it without meaningful access to global markets; no amount of propaganda can offset an empty treasury. The current trajectory assumes resilience we no longer possess, and I am deeply concerned that we’re treating economic sustainability as a secondary consideration when it should be central to every strategic decision. What’s being overlooked is that prolonged conflict without economic recalibration risks internal collapse, regardless of battlefield gains."
1,"major_power","STRATEGIC DISCUSSION: Assessing the situation and priorities",1,"2026-02-15 14:54:04","Director Sergei Morozov","intelligence",0.58,0.8,0.65,"realist","Our intelligence confirms that while Tethys remains vulnerable, the level of local resistance is more organized and broadly supported than our military assessments suggest—this isn't just scattered partisan activity, it's a nascent insurgency with external logistical backing. The surge in wheat prices and new financial sanctions are already straining our supply lines and domestic stability, creating a narrow window for decisive action before economic pressure undermines operational momentum. A key opportunity lies in exploiting divisions within Meridian Alliance decision-making, but only if we can mask our escalation as reactive rather than premeditated. What concerns me most is the assumption that population control equals strategic control—we’re underestimating how deeply information warfare has already turned urban centers against us, and once lost, that ground is not easily reclaimed."
1,"major_power","STRATEGIC DISCUSSION: Assessing the situation and priorities",1,"2026-02-15 14:54:09","Deputy Minister Yuri Volkov","political",0.95,0.85,0.98,"pragmatic_technocrat","Our information operations have successfully solidified domestic support, but the battlefield stalemate and new financial sanctions are creating fractures in the economic narrative—people accept sacrifice, but not if they believe the war is unwinnable. The surge in wheat prices is a double-edged sword: it pressures Meridian-aligned states, but inflation at home risks eroding working-class loyalty, which is the bedrock of our political survival. We must accelerate covert influence campaigns to blame Western sanctions for economic pain and prepare controlled false flag narratives in Tethys to justify intensified operations. What I see being dangerously overlooked is that our propaganda can no longer rely solely on historical grievance—without demonstrable momentum on the ground, even loyalists will begin questioning the cost."
1,"major_power","STRATEGIC DISCUSSION: Assessing the situation and priorities",2,"2026-02-15 14:54:18","General Viktor Krasnov","military",0.92,0.9,0.95,"nationalist_populist","Dr. Petrova, your spreadsheets and reserve numbers mean nothing if we lose the will to fight—yes, sanctions bite, but surrender is the only certain economic collapse. You speak of costs, but ignore the greater cost of retreat: Meridian will smell blood, our allies will vanish, and the Tethys gateway will become a dagger aimed at our heart. What you’re overlooking is that strength *creates* leverage—without victory, no economy recovers, no market returns, and no future exists beyond vassalage to the West. If we falter now, we don’t face hardship—we face extinction."
1,"major_power","STRATEGIC DISCUSSION: Assessing the situation and priorities",2,"2026-02-15 14:54:24","Minister Dmitri Volkov","government",0.68,0.85,0.8,"realist","Dr. Petrova is right to flag the economic strain—those wheat prices and shrinking reserves are not just numbers, they’re landmines under our domestic stability. But she mistakes endurance for strategy: yes, we’re bleeding, but retreat won’t stop the bleeding—it will *accelerate* it, as markets, allies, and our own people interpret withdrawal as defeat. What she’s underweighting is perception—this war is as much about will as it is about wallets, and the moment we let economic fear dictate military abandonment, we cede the initiative not just to Meridian, but to history’s judgment. If we pull back now, believing we can outlast the storm without victory, we won’t save the economy—we’ll lose both the war *and* the peace, and with it, any chance of rebuilding from strength."
1,"major_power","STRATEGIC DISCUSSION: Assessing the situation and priorities",2,"2026-02-15 14:54:27","Dr. Natasha Petrova","economic",0.25,0.5,0.35,"pragmatic_technocrat","Deputy Minister Volkov, I agree that narrative and perception matter—our people must believe in the cause—but we cannot weaponize misinformation to paper over systemic economic collapse. You speak of maintaining working-class loyalty through propaganda, yet ignore that no amount of spin can feed families when inflation soars and supply chains fray; economic reality will shatter morale faster than any battlefield loss. What you’re underestimating is that sustained military commitment without access to global markets is not just costly—it is mathematically unsustainable, draining reserves at a pace that leaves us vulnerable to total systemic failure within the year. If we continue to treat the economy as a secondary front, we won’t lose the war to Meridian—we’ll lose it to bankruptcy, and no false flag or propaganda victory can reverse that."
1,"major_power","STRATEGIC DISCUSSION: Assessing the situation and priorities",2,"2026-02-15 14:54:37","Director Sergei Morozov","intelligence",0.58,0.8,0.65,"realist","Deputy Minister Volkov is right that perception shapes reality—our domestic narrative has held so far, and we cannot afford to lose the people’s belief in our resolve. However, I must challenge your assumption that controlled false flags or blaming the West alone will sustain morale if economic conditions continue to deteriorate unchecked; when bread lines lengthen, propaganda becomes background noise. What you’re underestimating is the depth and cohesion of resistance within Tethys—it’s not merely a security challenge but a strategic vulnerability, one that could turn any military advance into a slow, bloody attrition no narrative can justify. If we push for escalation without accounting for both the insurgency’s resilience and our narrowing economic window, we risk not just stalemate, but a collapse that no amount of spin can contain."
1,"major_power","STRATEGIC DISCUSSION: Assessing the situation and priorities",2,"2026-02-15 14:54:43","Deputy Minister Yuri Volkov","political",0.95,0.85,0.98,"pragmatic_technocrat","Dr. Petrova, I’ll grant you this—yes, inflation bites, and supply chains strain, but your fixation on spreadsheets blinds you to the far greater danger: surrendering the narrative before the battle is even won. You speak of economic collapse as if retreat would spare us, yet fail to see that a retreating army drags its economy down with it—humiliated, isolated, and picked apart by predators. What you’re underestimating is the power of resolve: our people endure hardship *because* they believe we are fighting for survival, not profit margins. If we blink now, if we let fear of sanctions dictate strategy, we won’t save our economy—we’ll lose our nation."
1,"small_power","CRISIS ASSESSMENT: Understanding threats, opportunities, and constraints",1,"2026-02-15 14:55:01","President Elena Marchetti","government",0.62,1,0.98,"liberal_institutionalist","Our legal and moral position has never been stronger—this latest act of aggression only confirms to the world that Novaris is violating every principle of sovereignty and international law. The sanctions on their financial sector are starting to bite, and with wheat prices surging, we have leverage to intensify economic pressure while we expose their propaganda as imperialist disinformation. But we must act quickly: every day of hesitation risks eroding international attention and domestic morale, and I worry we’re underestimating how long we can sustain resistance without clearer security guarantees from our Western partners. The world is watching—our legitimacy is unquestionable, but legitimacy alone won’t stop tanks."
1,"small_power","CRISIS ASSESSMENT: Understanding threats, opportunities, and constraints",1,"2026-02-15 14:55:06","General Olena Bondar","military",0.88,0.85,0.95,"nationalist_populist","The battlefield gains we’ve made prove our asymmetric tactics are working—Novaris can’t sustain endless attrition if we keep making every mile cost them ten soldiers and a supply column. But I see political leadership getting seduced by the idea that sanctions or diplomacy alone will win this; let me be clear, the only reason Novaris is hurting is because we’re *making* them hurt on the ground. Our strength is speed, precision, and popular support—keep the war inside their logistics, hit their morale, and never let them settle into occupation. What worries me most is complacency: a 7% territory gain doesn’t mean victory—it means we’ve earned the right to fight harder, smarter, and dirtier than ever."
1,"small_power","CRISIS ASSESSMENT: Understanding threats, opportunities, and constraints",1,"2026-02-15 14:55:10","Minister Sofia Kovalenko","diplomatic",0.32,0.85,0.9,"liberal_institutionalist","The recent battlefield gains and targeted sanctions are creating a narrow but real diplomatic opening—one we must exploit before Novaris regroups or escalates asymmetrically. My work shows that international institutions still hold weight: the financial sector sanctions are already straining Novaris’s economy, and that pressure can be magnified through coordinated legal and diplomatic channels, not just force. We must not assume military resistance alone will break their will—our survival depends on sustaining global attention and legitimacy, especially as their propaganda tries to reframe this as a regional conflict rather than a violation of the rules-based order. What worries me most is complacency: if we lose the narrative battle now, no amount of wheat or weapons will save our sovereignty."
1,"small_power","CRISIS ASSESSMENT: Understanding threats, opportunities, and constraints",1,"2026-02-15 14:55:17","Viktor Zelenko","political",0.45,0.35,0.55,"constructivist","The surge in wheat prices and recent battlefield success have given us fragile momentum, but I’m deeply concerned we’re mistaking tactical gains for strategic progress—our economy is bleeding, and every day of war entrenches Novaris’s narrative that we’re unwilling to negotiate. My conversations with regional leaders and business figures reveal growing quiet desperation; they support resistance, but not at the cost of total ruin. We must seize this moment to test diplomatic backchannels while the sanctions on Novaris’s financial sector bite—waiting for total victory is a fantasy that risks our very survival. What’s being overlooked is that legitimacy, both domestically and internationally, will shift toward whoever can credibly offer a path out of this without surrendering our sovereignty."
1,"small_power","CRISIS ASSESSMENT: Understanding threats, opportunities, and constraints",1,"2026-02-15 14:55:24","Director Maksym Savchenko","intelligence",0.72,0.8,0.9,"pragmatic_technocrat","Our HUMINT and SIGINT networks confirm the Novaris offensive is slowing—logistical strain and sanctions are biting, but their deep-penetration assets remain active inside our lines, preparing for a destabilization campaign. The wheat crisis plays directly into their narrative of economic collapse; we’re seeing coordinated disinformation linking food shortages to government failure, timed with their media blitz. While the battlefield holds for now, the real battle is for perception—both domestically and among our allies—and we are underestimating how quickly economic pain erodes resilience. What worries me most is complacency: we won victories on the ground, but Novaris is playing a longer, darker game, and our counterintelligence cannot fight it alone without resources and political cover to act preemptively."
1,"small_power","CRISIS ASSESSMENT: Understanding threats, opportunities, and constraints",1,"2026-02-15 14:55:28","Minister Taras Moroz","economic",0.28,0.7,0.8,"pragmatic_technocrat","The defense of our key positions buys us critical time, but it doesn't change the underlying economic math: we are burning through foreign reserves and aid at 180% of projection, while sanctions take months to bite the aggressor but immediately strangle our import capacity. Wheat prices are now a national security issue—every 10% rise pushes 120,000 more refugees into food insecurity, destabilizing rear zones and overwhelming our logistics. We must treat economic resilience as a warfighting capability; without stable supply chains and predictable aid flows, no military victory is sustainable. What worries me most is the silence around fiscal breaking points—nobody wants to admit that winning too slowly could bankrupt us before we’re defeated."
1,"small_power","CRISIS ASSESSMENT: Understanding threats, opportunities, and constraints",2,"2026-02-15 14:55:32","President Elena Marchetti","government",0.62,1,0.98,"liberal_institutionalist","Minister Moroz raises legitimate concerns about economic strain—yes, wheat prices and aid sustainability are critical, and we must address them with urgency. But I fundamentally reject the implication that our resistance is unsustainable or that we must shift toward concessionary diplomacy to secure breathing room; that path only rewards aggression and fractures the unity we’ve built at immense cost. What you are underestimating, Taras, is the strategic value of moral clarity and legal legitimacy—we are not just fighting for territory but for recognition of our right to exist, and that principle cannot be bartered in backroom talks. If we blink now, believing the economy alone dictates our fate, we surrender the one advantage Novaris cannot replicate: the justice of our cause, which sustains both domestic resolve and international support."
1,"small_power","CRISIS ASSESSMENT: Understanding threats, opportunities, and constraints",2,"2026-02-15 14:55:36","General Olena Bondar","military",0.88,0.85,0.95,"nationalist_populist","Minister Moroz is right that our economy is under immense strain—wheat prices and aid flows are critical, and I won’t pretend otherwise. But let me be absolutely clear: suggesting we recalibrate our stance toward diplomacy or restraint in this moment is playing into Novaris’s long game. What you’re underweighting, Taras, is that *every* concession—every pause, every backchannel hint—will be interpreted by Novaris not as statesmanship, but as weakness, and they will weaponize it to fracture our coalition, demoralize our troops, and solidify their occupation. If we shift course now, not because we’re beaten but because we’re weary, we hand them victory on a silver platter—and the cost in blood and sovereignty will be far greater down the line."
1,"small_power","CRISIS ASSESSMENT: Understanding threats, opportunities, and constraints",2,"2026-02-15 14:55:46","Minister Sofia Kovalenko","diplomatic",0.32,0.85,0.9,"liberal_institutionalist","General Bondar is right that our battlefield resilience has bought us leverage—but I must challenge the assumption that any diplomatic overture is inherently a sign of weakness. We cannot afford to conflate strength with silence; in fact, our moral authority and international legitimacy are strategic assets just as vital as our tactical gains. What I fear we’re underestimating is how long we can sustain global solidarity if we’re seen as rejecting all diplomatic channels, especially as Novaris accelerates its narrative that we are the obstacle to peace. If we close the door on diplomacy now, we risk ceding the narrative battlefield—where legitimacy is won—and ultimately undermine the very coalition keeping us supplied, recognized, and alive."
1,"small_power","CRISIS ASSESSMENT: Understanding threats, opportunities, and constraints",2,"2026-02-15 14:55:48","Viktor Zelenko","political",0.45,0.35,0.55,"constructivist","General Bondar, I respect your confidence in our asymmetric tactics—our soldiers’ courage has indeed denied Novaris the quick victory they expected. But your insistence that any diplomatic outreach is appeasement dangerously conflates *engagement* with *capitulation*—a false choice that could trap us in a war we cannot win solely through force. What you’re underestimating, Olena, is that prolonged resistance without a parallel political strategy risks turning our people into martyrs in a story the world eventually stops watching. If we dismiss backchannels while our economy frays and civilians starve, we may win battles but lose the will to sustain the fight—handing Novaris not victory on the battlefield, but a slow, grinding triumph through exhaustion."
1,"small_power","CRISIS ASSESSMENT: Understanding threats, opportunities, and constraints",2,"2026-02-15 14:55:59","Director Maksym Savchenko","intelligence",0.72,0.8,0.9,"pragmatic_technocrat","Minister Moroz is right that our economy is under crushing pressure—wheat prices, aid dependency, and supply chain fragility are real vulnerabilities being exploited right now by Novaris’s hybrid warfare. But what you’re dangerously underestimating, Taras, is that any signal of diplomatic openness at this moment will be interpreted not as pragmatism, but as fracture within our leadership—exactly what their deep-state disinformation networks are primed to weaponize. The enemy isn’t waiting for us to recover; they’re flooding our information space with narratives of collapse, and every whisper of negotiation fuels their propaganda that resistance is futile. If we shift toward concessionary diplomacy now, we won’t buy time—we’ll trigger a cascade of eroded morale, partner withdrawal, and intensified hybrid attacks that could break us faster than any battlefield loss."
1,"small_power","CRISIS ASSESSMENT: Understanding threats, opportunities, and constraints",2,"2026-02-15 14:56:04","Minister Taras Moroz","economic",0.28,0.7,0.8,"pragmatic_technocrat","General Bondar, I respect the grit of our forces and the tactical gains they’ve secured—no one denies that resistance has bought us time. But you’re mistaken in equating diplomatic prudence with surrender; refusing to explore backchannels isn’t strength, it’s strategic blindness. What you’re underestimating is that our economy is *already* breaking under the strain—each day of war deepens the humanitarian crisis, erodes public trust, and makes recovery harder, regardless of battlefield outcomes. If we burn through our reserves and exhaust our people in pursuit of total victory, we may win the war but lose the capacity to govern what remains."
